ISO-10303-21;
HEADER;
FILE_DESCRIPTION (( 'STEP AP214' ),
    '1' );
FILE_NAME ('CUI_DEVICES_CLS0361-L152.step',
    '2019-10-20T22:00:04',
    ( '' ),
    ( '' ),
    'SwSTEP 2.0',
    'SolidWorks 2019',
    '' );
FILE_SCHEMA (( 'AUTOMOTIVE_DESIGN' ));
ENDSEC;

DATA;
#1 =( CONVERSION_BASED_UNIT ( 'INCH', #2678 ) LENGTH_UNIT ( ) NAMED_UNIT ( #2253 ) );
#2 =( LENGTH_UNIT ( ) NAMED_UNIT ( * ) SI_UNIT ( $, .METRE. ) );
#3 =( CONVERSION_BASED_UNIT ( 'INCH', #717 ) LENGTH_UNIT ( ) NAMED_UNIT ( #1638 ) );
#4 = CARTESIAN_POINT ( 'NONE',  ( -0.5037251400172224614, 0.1715256334014943485, 1.022846083490836868E-14 ) ) ;
#5 = EDGE_LOOP ( 'NONE', ( #2185, #2330, #1794, #273 ) ) ;
#6 = DIRECTION ( 'NONE',  ( 0.0000000000000000000, 0.0000000000000000000, -1.000000000000000000 ) ) ;
#7 =( LENGTH_UNIT ( ) NAMED_UNIT ( * ) SI_UNIT ( $, .METRE. ) );
#8 = CARTESIAN_POINT ( 'NONE',  ( 0.3575423883091309873, 0.2083538137197429863, 0.0000000000000000000 ) ) ;
#9 = CARTESIAN_POINT ( 'NONE',  ( 0.3970226135135844214, 0.2179467151214115883, 9.724249456570498944E-17 ) ) ;
#10 = SURFACE_STYLE_FILL_AREA ( #2022 ) ;
#11 = AXIS2_PLACEMENT_3D ( 'NONE', #1873, #2541, #2774 ) ;
#12 = CARTESIAN_POINT ( 'NONE',  ( 0.5048490075825999845, 0.1527336767782171145, -1.009698015165207519 ) ) ;
#13 = DIMENSIONAL_EXPONENTS ( 1.000000000000000000, 0.0000000000000000000, 0.0000000000000000000, 0.0000000000000000000, 0.0000000000000000000, 0.0000000000000000000, 0.0000000000000000000 ) ;
#14 = CARTESIAN_POINT ( 'NONE',  ( -0.6372522310881898466, 0.1842287680062450195, -7.804089050516611884E-17 ) ) ;
#15 = ADVANCED_FACE ( 'NONE', ( #1048 ), #595, .T. ) ;
#16 = LINE ( 'NONE', #2439, #1019 ) ;
#17 = CARTESIAN_POINT ( 'NONE',  ( -0.1383223360145295622, 0.2115346253237188057, -1.693960060507782500E-17 ) ) ;
#18 = LENGTH_MEASURE_WITH_UNIT ( LENGTH_MEASURE( 0.02539999999999999897 ), #2027 );
#19 = ORIENTED_EDGE ( 'NONE', *, *, #1599, .T. ) ;
#20 = EDGE_CURVE ( 'NONE', #1037, #998, #2230, .T. ) ;
#21 = AXIS2_PLACEMENT_3D ( 'NONE', #2454, #1328, #1797 ) ;
#22 = LINE ( 'NONE', #1097, #2540 ) ;
#23 = VECTOR ( 'NONE', #291, 39.37007874015748143 ) ;
#24 = CARTESIAN_POINT ( 'NONE',  ( -0.003151074920650307528, 0.1769517321540278465, 0.006302149841300492758 ) ) ;
#25 = CARTESIAN_POINT ( 'NONE',  ( 0.1948665973573143473, 0.02362204724409368989, 6.338582677165354617 ) ) ;
#26 = CARTESIAN_POINT ( 'NONE',  ( 0.4181008279649997550, 0.2143133890609769665, 1.024051681376386401E-16 ) ) ;
#27 = PLANE ( 'NONE',  #1001 ) ;
#28 = CARTESIAN_POINT ( 'NONE',  ( 0.0000000000000000000, 0.0000000000000000000, -0.7086614173228348301 ) ) ;
#29 = PRESENTATION_LAYER_ASSIGNMENT (  '', '', ( #2148 ) ) ;
#30 = DIRECTION ( 'NONE',  ( 0.0000000000000000000, -0.6823182503600125903, -0.7310552682428675952 ) ) ;
#31 = CARTESIAN_POINT ( 'NONE',  ( 0.0000000000000000000, 0.0000000000000000000, 0.0000000000000000000 ) ) ;
#32 = AXIS2_PLACEMENT_3D ( 'NONE', #310, #516, #325 ) ;
#33 = FACE_BOUND ( 'NONE', #2512, .T. ) ;
#34 = AXIS2_PLACEMENT_3D ( 'NONE', #576, #773, #2586 ) ;
#35 = CARTESIAN_POINT ( 'NONE',  ( 0.6372522310881898466, 0.1842287680062450195, 0.0000000000000000000 ) ) ;
#36 = ADVANCED_FACE ( 'NONE', ( #794 ), #1714, .F. ) ;
#37 = PRESENTATION_LAYER_ASSIGNMENT (  '', '', ( #145 ) ) ;
#38 = ORIENTED_EDGE ( 'NONE', *, *, #506, .T. ) ;
#39 = CIRCLE ( 'NONE', #1966, 0.05889528122892669776 ) ;
#40 = CARTESIAN_POINT ( 'NONE',  ( -0.2618110236220473341, 0.04724409448818890633, 0.2586991666985375415 ) ) ;
#41 = CARTESIAN_POINT ( 'NONE',  ( -0.07066818080894440857, 0.1740677082108597895, -0.1413363616178873183 ) ) ;
#42 = EDGE_CURVE ( 'NONE', #1693, #87, #1005, .T. ) ;
#43 = UNCERTAINTY_MEASURE_WITH_UNIT (LENGTH_MEASURE( 1.000000000000000082E-05 ), #2326, 'distance_accuracy_value', 'NONE');
#44 = SURFACE_STYLE_FILL_AREA ( #345 ) ;
#45 = CARTESIAN_POINT ( 'NONE',  ( -0.4386559324786400982, 0.2064779531048648864, -6.871802684130557416E-15 ) ) ;
#46 = DIRECTION ( 'NONE',  ( 0.0000000000000000000, 0.0000000000000000000, -1.000000000000000000 ) ) ;
#47 = PLANE ( 'NONE',  #450 ) ;
#48 =( LENGTH_UNIT ( ) NAMED_UNIT ( * ) SI_UNIT ( $, .METRE. ) );
#49 = CARTESIAN_POINT ( 'NONE',  ( 0.03171989902676156797, 0.1701238011403935768, -0.06343979805352444046 ) ) ;
#50 = SURFACE_STYLE_USAGE ( .BOTH. , #1604 ) ;
#51 = CARTESIAN_POINT ( 'NONE',  ( -0.1526534748668499364, 0.2133667813475457753, -1.869465893744086770E-17 ) ) ;
#52 = CARTESIAN_POINT ( 'NONE',  ( 0.2421259842519685457, 0.04724409448818890633, 0.2586991666985375415 ) ) ;
#53 = VERTEX_POINT ( 'NONE', #2604 ) ;
#54 = EDGE_LOOP ( 'NONE', ( #2790, #1264, #1322, #2379 ) ) ;
#55 = VERTEX_POINT ( 'NONE', #2405 ) ;
#56 = EDGE_CURVE ( 'NONE', #616, #1178, #2091, .T. ) ;
#57 = CARTESIAN_POINT ( 'NONE',  ( 0.5752846546625651758, 0.2221494232238619138, 1.150569309325145229 ) ) ;
#58 = CARTESIAN_POINT ( 'NONE',  ( 0.5244376210029485508, 0.1752257874575956775, 1.048875242005913977 ) ) ;
#59 = CARTESIAN_POINT ( 'NONE',  ( 0.5752846546625655089, 0.2221494232238619138, 0.0000000000000000000 ) ) ;
#60 = CARTESIAN_POINT ( 'NONE',  ( 0.0000000000000000000, 0.1792173173961308374, 0.0000000000000000000 ) ) ;
#61 = SURFACE_STYLE_USAGE ( .BOTH. , #2057 ) ;
#62 = CARTESIAN_POINT ( 'NONE',  ( -0.01654471445617362174, 0.1708802737961489515, -0.03308942891234623734 ) ) ;
#63 = CARTESIAN_POINT ( 'NONE',  ( 0.2017563611368419219, 0.02362204724409442194, 0.3543307086614174151 ) ) ;
#64 = DIRECTION ( 'NONE',  ( 0.0000000000000000000, 1.000000000000000000, 0.0000000000000000000 ) ) ;
#65 = DIRECTION ( 'NONE',  ( -0.0000000000000000000, -1.000000000000000000, -0.0000000000000000000 ) ) ;
#66 = ORIENTED_EDGE ( 'NONE', *, *, #2144, .T. ) ;
#67 = VERTEX_POINT ( 'NONE', #1262 ) ;
#68 =( GEOMETRIC_REPRESENTATION_CONTEXT ( 3 ) GLOBAL_UNCERTAINTY_ASSIGNED_CONTEXT ( ( #1538 ) ) GLOBAL_UNIT_ASSIGNED_CONTEXT ( ( #2062, #2712, #2733 ) ) REPRESENTATION_CONTEXT ( 'NONE', 'WORKASPACE' ) );
#69 = CARTESIAN_POINT ( 'NONE',  ( 0.0000000000000000000, 0.2362204724409449064, 0.0000000000000000000 ) ) ;
#70 = VERTEX_POINT ( 'NONE', #2171 ) ;
#71 = CIRCLE ( 'NONE', #1855, 0.006889763779527552021 ) ;
#72 = UNCERTAINTY_MEASURE_WITH_UNIT (LENGTH_MEASURE( 1.000000000000000082E-05 ), #215, 'distance_accuracy_value', 'NONE');
#73 = CARTESIAN_POINT ( 'NONE',  ( -0.2618110236220473341, 0.04724409448818890633, 0.2586991666985375415 ) ) ;
#74 = CARTESIAN_POINT ( 'NONE',  ( 0.5444453428435599429, 0.1849614402069369445, 1.333506492848092802E-16 ) ) ;
#75 =( GEOMETRIC_REPRESENTATION_CONTEXT ( 3 ) GLOBAL_UNCERTAINTY_ASSIGNED_CONTEXT ( ( #2720 ) ) GLOBAL_UNIT_ASSIGNED_CONTEXT ( ( #1986, #1296, #2203 ) ) REPRESENTATION_CONTEXT ( 'NONE', 'WORKASPACE' ) );
#76 = CIRCLE ( 'NONE', #2386, 0.05889528122892669776 ) ;
#77 = CARTESIAN_POINT ( 'NONE',  ( 0.2618110236220472231, 0.04724409448818890633, 0.4143782612766828688 ) ) ;
#78 =( NAMED_UNIT ( * ) SI_UNIT ( $, .STERADIAN. ) SOLID_ANGLE_UNIT ( ) );
#79 = EDGE_CURVE ( 'NONE', #2269, #1846, #1330, .T. ) ;
#80 = VECTOR ( 'NONE', #513, 39.37007874015748143 ) ;
#81 = SURFACE_STYLE_FILL_AREA ( #1219 ) ;
#82 = CIRCLE ( 'NONE', #1627, 0.01968503937007875723 ) ;
#83 = CARTESIAN_POINT ( 'NONE',  ( -0.5840921404569261455, 0.2009975671698491229, 1.186036413119504396E-14 ) ) ;
#84 = PRESENTATION_LAYER_ASSIGNMENT (  '', '', ( #184 ) ) ;
#85 = EDGE_LOOP ( 'NONE', ( #1882, #302 ) ) ;
#86 = CYLINDRICAL_SURFACE ( 'NONE', #187, 0.006889763779527552021 ) ;
#87 = VERTEX_POINT ( 'NONE', #1947 ) ;
#88 = AXIS2_PLACEMENT_3D ( 'NONE', #1997, #2905, #236 ) ;
#89 = CARTESIAN_POINT ( 'NONE',  ( 0.2017563611368419219, 0.04724409448818891327, 0.3543307086614174151 ) ) ;
#90 = VERTEX_POINT ( 'NONE', #2854 ) ;
#91 = CARTESIAN_POINT ( 'NONE',  ( -0.2015121395937474746, 0.2191190094240817454, 0.4030242791874872332 ) ) ;
#92 = CARTESIAN_POINT ( 'NONE',  ( -0.003151074920650226863, 0.1769517321540278465, -3.998499093813337475E-17 ) ) ;
#93 = DIRECTION ( 'NONE',  ( 0.0000000000000000000, 1.000000000000000000, 0.0000000000000000000 ) ) ;
#94 = CARTESIAN_POINT ( 'NONE',  ( -0.06133974496198670717, 0.1744149354604239421, 0.1226794899239705000 ) ) ;
#95 = CARTESIAN_POINT ( 'NONE',  ( 7.958408649472194098E-17, 0.1792173173961308374, -0.6498533826253535262 ) ) ;
#96 = EDGE_CURVE ( 'NONE', #299, #55, #2888, .T. ) ;
#97 = DIRECTION ( 'NONE',  ( 0.0000000000000000000, 0.0000000000000000000, -1.000000000000000000 ) ) ;
#98 = DIRECTION ( 'NONE',  ( 0.0000000000000000000, 0.0000000000000000000, -1.000000000000000000 ) ) ;
#99 = VERTEX_POINT ( 'NONE', #1064 ) ;
#100 = ORIENTED_EDGE ( 'NONE', *, *, #1580, .F. ) ;
#101 = DIRECTION ( 'NONE',  ( 1.000000000000000000, 0.0000000000000000000, 0.0000000000000000000 ) ) ;
#102 = ORIENTED_EDGE ( 'NONE', *, *, #1473, .F. ) ;
#103 = CARTESIAN_POINT ( 'NONE',  ( -0.07066818080894340937, 0.1740677082108597895, -8.873777002985050207E-16 ) ) ;
#104 = CARTESIAN_POINT ( 'NONE',  ( 0.5048490075825999845, 0.1527336767782170868, 0.0000000000000000000 ) ) ;
#105 = CARTESIAN_POINT ( 'NONE',  ( 0.0000000000000000000, 0.04724409448818890633, 0.0000000000000000000 ) ) ;
#106 = DIRECTION ( 'NONE',  ( -1.000000000000000000, 0.0000000000000000000, 0.0000000000000000000 ) ) ;
#107 = CARTESIAN_POINT ( 'NONE',  ( -0.4968772472354672787, 0.1726491269270444828, -6.084991303960630853E-17 ) ) ;
#108 = FILL_AREA_STYLE_COLOUR ( '', #1626 ) ;
#109 = EDGE_CURVE ( 'NONE', #1930, #1180, #211, .T. ) ;
#110 = EDGE_LOOP ( 'NONE', ( #1135, #2046 ) ) ;
#111 = CARTESIAN_POINT ( 'NONE',  ( -0.09478821437510888404, 0.1899005548132128851, 1.924735260014124021E-15 ) ) ;
#112 = FILL_AREA_STYLE_COLOUR ( '', #608 ) ;
#113 = ORIENTED_EDGE ( 'NONE', *, *, #2202, .T. ) ;
#114 = DIRECTION ( 'NONE',  ( -1.000000000000000000, 0.0000000000000000000, 0.0000000000000000000 ) ) ;
#115 = CARTESIAN_POINT ( 'NONE',  ( -0.2759397049008950886, 0.1758680113019952529, 5.603132026085651307E-15 ) ) ;
#116 = CARTESIAN_POINT ( 'NONE',  ( 0.07547182874134635011, 0.1791388495331930342, 0.0000000000000000000 ) ) ;
#117 = ADVANCED_FACE ( 'NONE', ( #555 ), #1447, .T. ) ;
#118 = ORIENTED_EDGE ( 'NONE', *, *, #1619, .T. ) ;
#119 = AXIS2_PLACEMENT_3D ( 'NONE', #734, #2511, #490 ) ;
#120 = CARTESIAN_POINT ( 'NONE',  ( 0.3216935093855303185, 0.1853513585691051735, 0.6433870187710691857 ) ) ;
#121 = CARTESIAN_POINT ( 'NONE',  ( -0.5037251400172383375, 0.1715256334014943485, 1.007450280034452250 ) ) ;
#122 = FACE_OUTER_BOUND ( 'NONE', #2335, .T. ) ;
#123 = FILL_AREA_STYLE ('',( #819 ) ) ;
#124 = AXIS2_PLACEMENT_3D ( 'NONE', #2159, #368, #2398 ) ;
#125 = CARTESIAN_POINT ( 'NONE',  ( 0.01654471445617295561, 0.1708802737961489238, 4.052286320311823996E-18 ) ) ;
#126 = VECTOR ( 'NONE', #489, 39.37007874015748143 ) ;
#127 = FACE_OUTER_BOUND ( 'NONE', #151, .T. ) ;
#128 = AXIS2_PLACEMENT_3D ( 'NONE', #282, #974, #808 ) ;
#129 = CARTESIAN_POINT ( 'NONE',  ( 0.0000000000000000000, 0.04724409448818890633, 0.0000000000000000000 ) ) ;
#130 = ORIENTED_EDGE ( 'NONE', *, *, #361, .F. ) ;
#131 =( LENGTH_UNIT ( ) NAMED_UNIT ( * ) SI_UNIT ( $, .METRE. ) );
#132 = VERTEX_POINT ( 'NONE', #1688 ) ;
#133 = AXIS2_PLACEMENT_3D ( 'NONE', #986, #1426, #772 ) ;
#134 = SURFACE_STYLE_FILL_AREA ( #2140 ) ;
#135 = FILL_AREA_STYLE_COLOUR ( '', #2853 ) ;
#136 = CARTESIAN_POINT ( 'NONE',  ( -0.2986215340048808398, 0.1780875068731720967, -0.5972430680097434719 ) ) ;
#137 = CIRCLE ( 'NONE', #2099, 0.6473990711985351254 ) ;
#138 = ORIENTED_EDGE ( 'NONE', *, *, #1258, .T. ) ;
#139 = CARTESIAN_POINT ( 'NONE',  ( 0.1188779279662752625, 0.2044455008525815354, 0.0000000000000000000 ) ) ;
#140 = AXIS2_PLACEMENT_3D ( 'NONE', #377, #2357, #1216 ) ;
#141 = UNCERTAINTY_MEASURE_WITH_UNIT (LENGTH_MEASURE( 1.000000000000000082E-05 ), #2120, 'distance_accuracy_value', 'NONE');
#142 = DIRECTION ( 'NONE',  ( -0.0000000000000000000, -1.000000000000000000, -0.0000000000000000000 ) ) ;
#143 = EDGE_CURVE ( 'NONE', #2190, #2206, #2463, .T. ) ;
#144 = LINE ( 'NONE', #2598, #1815 ) ;
#145 = STYLED_ITEM ( 'NONE', ( #2744 ), #1909 ) ;
#146 = CARTESIAN_POINT ( 'NONE',  ( 0.1951982895846077481, 0.2075055388899667286, 4.780979210776526257E-17 ) ) ;
#147 = LINE ( 'NONE', #2119, #1106 ) ;
#148 = CARTESIAN_POINT ( 'NONE',  ( 0.0000000000000000000, 0.2362204724409449064, 0.0000000000000000000 ) ) ;
#149 = VERTEX_POINT ( 'NONE', #1091 ) ;
#150 = SURFACE_STYLE_USAGE ( .BOTH. , #1022 ) ;
#151 = EDGE_LOOP ( 'NONE', ( #1657, #2581, #2450, #2100 ) ) ;
#152 = SURFACE_SIDE_STYLE ('',( #2880 ) ) ;
#153 =( NAMED_UNIT ( * ) SI_UNIT ( $, .STERADIAN. ) SOLID_ANGLE_UNIT ( ) );
#154 = CARTESIAN_POINT ( 'NONE',  ( 0.3270562637535300299, 0.1890627244617311686, -0.6541125275070736045 ) ) ;
#155 = ORIENTED_EDGE ( 'NONE', *, *, #839, .T. ) ;
#156 = CARTESIAN_POINT ( 'NONE',  ( -0.1007669639867851408, 0.1939537854326397193, -0.2015339279735641198 ) ) ;
#157 = CARTESIAN_POINT ( 'NONE',  ( 0.5976332166263946810, 0.2002440315600765852, 1.195266433252808902 ) ) ;
#158 = EDGE_CURVE ( 'NONE', #1678, #1474, #2254, .T. ) ;
#159 =( LENGTH_UNIT ( ) NAMED_UNIT ( * ) SI_UNIT ( $, .METRE. ) );
#160 = CARTESIAN_POINT ( 'NONE',  ( 0.1383223360145295622, 0.2115346253237188057, 3.387920121015561302E-17 ) ) ;
#161 = SURFACE_SIDE_STYLE ('',( #2169 ) ) ;
#162 = SURFACE_STYLE_FILL_AREA ( #2789 ) ;
#163 = DIRECTION ( 'NONE',  ( -0.0000000000000000000, -0.0000000000000000000, -1.000000000000000000 ) ) ;
#164 = SURFACE_SIDE_STYLE ('',( #2172 ) ) ;
#165 = ORIENTED_EDGE ( 'NONE', *, *, #900, .F. ) ;
#166 = DIRECTION ( 'NONE',  ( 0.0000000000000000000, 1.000000000000000000, 0.0000000000000000000 ) ) ;
#167 = LINE ( 'NONE', #383, #1526 ) ;
#168 = CARTESIAN_POINT ( 'NONE',  ( -0.1812694662921900679, 0.2109797255334494304, -0.3625389325843690891 ) ) ;
#169 = ORIENTED_EDGE ( 'NONE', *, *, #1149, .F. ) ;
#170 = CARTESIAN_POINT ( 'NONE',  ( -0.5774765688416830800, 0.2002514002363757206, 1.154953137683338404 ) ) ;
#171 = PRESENTATION_LAYER_ASSIGNMENT (  '', '', ( #2688 ) ) ;
#172 = CARTESIAN_POINT ( 'NONE',  ( -0.3970226135135844214, 0.2179467151214115883, -4.862124728285280287E-17 ) ) ;
#173 = CARTESIAN_POINT ( 'NONE',  ( 0.0000000000000000000, 0.1692913385826770312, 0.0000000000000000000 ) ) ;
#174 = CARTESIAN_POINT ( 'NONE',  ( -0.2541874638491186111, 0.1801050991141626700, -3.981995835507745962E-15 ) ) ;
#175 = EDGE_CURVE ( 'NONE', #2299, #596, #1620, .T. ) ;
#176 = CIRCLE ( 'NONE', #2890, 0.006889763779527552021 ) ;
#177 = DIRECTION ( 'NONE',  ( 0.0000000000000000000, 0.0000000000000000000, -1.000000000000000000 ) ) ;
#178 = ORIENTED_EDGE ( 'NONE', *, *, #1580, .T. ) ;
#179 = AXIS2_PLACEMENT_3D ( 'NONE', #2788, #764, #1208 ) ;
#180 = LINE ( 'NONE', #1792, #2806 ) ;
#181 = CARTESIAN_POINT ( 'NONE',  ( -0.5244376210029487728, 0.1752257874575956775, 1.064904099604354997E-14 ) ) ;
#182 = MECHANICAL_DESIGN_GEOMETRIC_PRESENTATION_REPRESENTATION (  '', ( #2148 ), #881 ) ;
#183 = ORIENTED_EDGE ( 'NONE', *, *, #861, .F. ) ;
#184 = STYLED_ITEM ( 'NONE', ( #280 ), #1420 ) ;
#185 = CARTESIAN_POINT ( 'NONE',  ( 0.0000000000000000000, 0.1730616638885684178, 0.0000000000000000000 ) ) ;
#186 = CARTESIAN_POINT ( 'NONE',  ( 0.1812694662921827127, 0.2109797255334494304, 4.439821433557407444E-17 ) ) ;
#187 = AXIS2_PLACEMENT_3D ( 'NONE', #978, #2696, #708 ) ;
#188 = LINE ( 'NONE', #592, #971 ) ;
#189 = ADVANCED_FACE ( 'NONE', ( #33, #1829 ), #715, .T. ) ;
#190 = ORIENTED_EDGE ( 'NONE', *, *, #1858, .F. ) ;
#191 = CARTESIAN_POINT ( 'NONE',  ( 0.2017563611368419219, 0.04724409448818891327, 0.3543307086614174151 ) ) ;
#192 = LENGTH_MEASURE_WITH_UNIT ( LENGTH_MEASURE( 0.02539999999999999897 ), #2175 );
#193 = CARTESIAN_POINT ( 'NONE',  ( 0.5840921404569261455, 0.2009975671698491229, 0.0000000000000000000 ) ) ;
#194 = VERTEX_POINT ( 'NONE', #2768 ) ;
#195 = DIRECTION ( 'NONE',  ( -0.0000000000000000000, -1.000000000000000000, -0.0000000000000000000 ) ) ;
#196 = CARTESIAN_POINT ( 'NONE',  ( 0.1526534748668499364, 0.2133667813475457753, 3.738931787488182783E-17 ) ) ;
#197 = DIRECTION ( 'NONE',  ( 1.000000000000000000, 0.0000000000000000000, 0.0000000000000000000 ) ) ;
#198 = CARTESIAN_POINT ( 'NONE',  ( 0.4435557102729243417, 0.2202319924114492233, -0.8871114205458551227 ) ) ;
#199 =( BOUNDED_SURFACE ( )  B_SPLINE_SURFACE ( 3, 3, ( 
 ( #2698, #2030, #919, #2246 ),
 ( #2719, #2050, #2656, #894 ),
 ( #1593, #1778, #41, #1760 ),
 ( #2271, #644, #2218, #1539 ),
 ( #420, #2892, #660, #1553 ),
 ( #1114, #2004, #899, #234 ),
 ( #439, #1361, #2445, #1307 ),
 ( #864, #635, #222, #411 ),
 ( #1131, #198, #1089, #879 ),
 ( #1545, #12, #1983, #2902 ),
 ( #1813, #1768, #1786, #2664 ),
 ( #1586, #652, #1317, #2012 ),
 ( #2225, #2472, #2457, #2676 ) ),
 .UNSPECIFIED., .F., .F., .F. ) 
 B_SPLINE_SURFACE_WITH_KNOTS ( ( 4, 1, 1, 1, 1, 1, 1, 1, 1, 1, 4 ),
 ( 4, 4 ),
 ( 0.0000000000000000000, 0.1071159873694923492, 0.1759024594270574282, 0.3011769529442234750, 0.4034415318510881643, 0.4770160085687256690, 0.5597309333095714656, 0.6630082541131868679, 0.7764014494646825915, 0.8823898708439639194, 1.000000000000000000 ),
 ( 0.0000000000000000000, 1.000000000000000000 ),
 .UNSPECIFIED. ) 
 GEOMETRIC_REPRESENTATION_ITEM ( )  RATIONAL_B_SPLINE_SURFACE ( (
 ( 1.000000000000000000, 0.3333333333333309834, 0.3333333333333309834, 1.000000000000000000),
 ( 1.000000000000000000, 0.3333333333333309834, 0.3333333333333309834, 1.000000000000000000),
 ( 1.000000000000000000, 0.3333333333333309834, 0.3333333333333309834, 1.000000000000000000),
 ( 1.000000000000000000, 0.3333333333333309834, 0.3333333333333309834, 1.000000000000000000),
 ( 1.000000000000000000, 0.3333333333333309834, 0.3333333333333309834, 1.000000000000000000),
 ( 1.000000000000000000, 0.3333333333333309834, 0.3333333333333309834, 1.000000000000000000),
 ( 1.000000000000000000, 0.3333333333333309834, 0.3333333333333309834, 1.000000000000000000),
 ( 1.000000000000000000, 0.3333333333333309834, 0.3333333333333309834, 1.000000000000000000),
 ( 1.000000000000000000, 0.3333333333333309834, 0.3333333333333309834, 1.000000000000000000),
 ( 1.000000000000000000, 0.3333333333333309834, 0.3333333333333309834, 1.000000000000000000),
 ( 1.000000000000000000, 0.3333333333333309834, 0.3333333333333309834, 1.000000000000000000),
 ( 1.000000000000000000, 0.3333333333333309834, 0.3333333333333309834, 1.000000000000000000),
 ( 1.000000000000000000, 0.3333333333333309834, 0.3333333333333309834, 1.000000000000000000) ) ) 
 REPRESENTATION_ITEM ( '' )  SURFACE ( )  );
#200 = PLANE ( 'NONE',  #1066 ) ;
#201 = CARTESIAN_POINT ( 'NONE',  ( 3.857155272905049219E-17, 0.0000000000000000000, 0.3149606299212598381 ) ) ;
#202 = CARTESIAN_POINT ( 'NONE',  ( -0.4452096005735032280, 0.2026402650630561575, 9.040265416642853823E-15 ) ) ;
#203 = ADVANCED_FACE ( 'NONE', ( #2751 ), #757, .T. ) ;
#204 = ORIENTED_EDGE ( 'NONE', *, *, #1619, .F. ) ;
#205 =( LENGTH_UNIT ( ) NAMED_UNIT ( * ) SI_UNIT ( $, .METRE. ) );
#206 = ADVANCED_FACE ( 'NONE', ( #1835 ), #560, .F. ) ;
#207 = AXIS2_PLACEMENT_3D ( 'NONE', #52, #943, #1623 ) ;
#208 =( NAMED_UNIT ( * ) PLANE_ANGLE_UNIT ( ) SI_UNIT ( $, .RADIAN. ) );
#209 = CARTESIAN_POINT ( 'NONE',  ( 0.2618110236220473341, 0.04724409448818890633, 0.2586991666985375415 ) ) ;
#210 = LENGTH_MEASURE_WITH_UNIT ( LENGTH_MEASURE( 0.02539999999999999897 ), #1550 );
#211 = CIRCLE ( 'NONE', #1103, 0.002544939712856287423 ) ;
#212 = CARTESIAN_POINT ( 'NONE',  ( -0.4452096005735214357, 0.2026402650630561020, -0.8904192011470156709 ) ) ;
#213 = ORIENTED_EDGE ( 'NONE', *, *, #1458, .F. ) ;
#214 = DIRECTION ( 'NONE',  ( 0.0000000000000000000, 1.000000000000000000, 0.0000000000000000000 ) ) ;
#215 =( CONVERSION_BASED_UNIT ( 'INCH', #2497 ) LENGTH_UNIT ( ) NAMED_UNIT ( #1591 ) );
#216 = ADVANCED_FACE ( 'NONE', ( #1895 ), #2534, .T. ) ;
#217 = CIRCLE ( 'NONE', #2194, 0.3149606299212598381 ) ;
#218 = UNCERTAINTY_MEASURE_WITH_UNIT (LENGTH_MEASURE( 1.000000000000000082E-05 ), #2834, 'distance_accuracy_value', 'NONE');
#219 = CARTESIAN_POINT ( 'NONE',  ( 0.3203668902309939059, 0.1855226886560549238, 7.846725733483556052E-17 ) ) ;
#220 =( CONVERSION_BASED_UNIT ( 'INCH', #1378 ) LENGTH_UNIT ( ) NAMED_UNIT ( #1018 ) );
#221 = MECHANICAL_DESIGN_GEOMETRIC_PRESENTATION_REPRESENTATION (  '', ( #2860 ), #2045 ) ;
#222 = CARTESIAN_POINT ( 'NONE',  ( -0.3681861936811599012, 0.2251810377203327940, -0.7363723873623123639 ) ) ;
#223 = LINE ( 'NONE', #1174, #1391 ) ;
#224 = AXIS2_PLACEMENT_3D ( 'NONE', #1808, #711, #1313 ) ;
#225 = SURFACE_SIDE_STYLE ('',( #1092 ) ) ;
#226 = FILL_AREA_STYLE ('',( #929 ) ) ;
#227 = AXIS2_PLACEMENT_3D ( 'NONE', #659, #1990, #6 ) ;
#228 = CARTESIAN_POINT ( 'NONE',  ( 0.3970226135135844214, 0.2179467151214115606, -0.7940452270271851631 ) ) ;
#229 = ORIENTED_EDGE ( 'NONE', *, *, #668, .T. ) ;
#230 = CARTESIAN_POINT ( 'NONE',  ( 0.0000000000000000000, 0.1730616638885684178, 0.0000000000000000000 ) ) ;
#231 = CARTESIAN_POINT ( 'NONE',  ( -0.2759397049008950886, 0.1758680113019952529, -4.322757460685883517E-15 ) ) ;
#232 = EDGE_CURVE ( 'NONE', #1367, #934, #303, .T. ) ;
#233 = SURFACE_STYLE_FILL_AREA ( #679 ) ;
#234 = CARTESIAN_POINT ( 'NONE',  ( -0.2585331613444343257, 0.1737706638455954189, 1.805327416612426724E-15 ) ) ;
#235 =( NAMED_UNIT ( * ) SI_UNIT ( $, .STERADIAN. ) SOLID_ANGLE_UNIT ( ) );
#236 = DIRECTION ( 'NONE',  ( 0.0000000000000000000, 0.0000000000000000000, -1.000000000000000000 ) ) ;
#237 = DIRECTION ( 'NONE',  ( 0.0000000000000000000, 0.0000000000000000000, -1.000000000000000000 ) ) ;
#238 = EDGE_LOOP ( 'NONE', ( #464, #2651, #1389, #130, #330, #718 ) ) ;
#239 = DIMENSIONAL_EXPONENTS ( 1.000000000000000000, 0.0000000000000000000, 0.0000000000000000000, 0.0000000000000000000, 0.0000000000000000000, 0.0000000000000000000, 0.0000000000000000000 ) ;
#240 = DIRECTION ( 'NONE',  ( 0.0000000000000000000, 0.0000000000000000000, 1.000000000000000000 ) ) ;
#241 = DIRECTION ( 'NONE',  ( 0.0000000000000000000, 1.000000000000000000, 0.0000000000000000000 ) ) ;
#242 = DIRECTION ( 'NONE',  ( 0.0000000000000000000, 0.0000000000000000000, -1.000000000000000000 ) ) ;
#243 = CARTESIAN_POINT ( 'NONE',  ( -0.2759397049009037484, 0.1758680113019952251, 0.5518794098017943961 ) ) ;
#244 = EDGE_CURVE ( 'NONE', #494, #2783, #71, .T. ) ;
#245 = DIRECTION ( 'NONE',  ( 0.0000000000000000000, -1.241126171134722389E-16, 1.000000000000000000 ) ) ;
#246 = STYLED_ITEM ( 'NONE', ( #1826 ), #2465 ) ;
#247 = EDGE_CURVE ( 'NONE', #945, #723, #1057, .T. ) ;
#248 = FILL_AREA_STYLE ('',( #942 ) ) ;
#249 = FILL_AREA_STYLE_COLOUR ( '', #2029 ) ;
#250 = CLOSED_SHELL ( 'NONE', ( #1271, #2503, #1766, #2600, #2066, #2465, #766, #873 ) ) ;
#251 = ORIENTED_EDGE ( 'NONE', *, *, #342, .T. ) ;
#252 = ORIENTED_EDGE ( 'NONE', *, *, #994, .T. ) ;
#253 = SURFACE_SIDE_STYLE ('',( #1302 ) ) ;
#254 = COLOUR_RGB ( '',0.2509803921568627416, 0.2509803921568627416, 0.2509803921568627416 ) ;
#255 = DIMENSIONAL_EXPONENTS ( 1.000000000000000000, 0.0000000000000000000, 0.0000000000000000000, 0.0000000000000000000, 0.0000000000000000000, 0.0000000000000000000, 0.0000000000000000000 ) ;
#256 =( GEOMETRIC_REPRESENTATION_CONTEXT ( 3 ) GLOBAL_UNCERTAINTY_ASSIGNED_CONTEXT ( ( #895 ) ) GLOBAL_UNIT_ASSIGNED_CONTEXT ( ( #1217, #1203, #78 ) ) REPRESENTATION_CONTEXT ( 'NONE', 'WORKASPACE' ) );
#257 = CARTESIAN_POINT ( 'NONE',  ( 0.4646349288882148376, 0.1899664698011723496, 0.0000000000000000000 ) ) ;
#258 = CARTESIAN_POINT ( 'NONE',  ( -0.4251017397069615789, 0.2122593393298573827, 0.8502034794139030627 ) ) ;
#259 =( NAMED_UNIT ( * ) PLANE_ANGLE_UNIT ( ) SI_UNIT ( $, .RADIAN. ) );
#260 = VECTOR ( 'NONE', #2407, 39.37007874015748143 ) ;
#261 = DIRECTION ( 'NONE',  ( 0.0000000000000000000, 0.0000000000000000000, 1.000000000000000000 ) ) ;
#262 = SURFACE_STYLE_FILL_AREA ( #2278 ) ;
#263 = CARTESIAN_POINT ( 'NONE',  ( 0.03171989902676156797, 0.1701238011403935768, 0.0000000000000000000 ) ) ;
#264 = CARTESIAN_POINT ( 'NONE',  ( 0.2421259842519685457, 0.06692913385826765316, 0.2586991666985375415 ) ) ;
#265 = AXIS2_PLACEMENT_3D ( 'NONE', #599, #2382, #1252 ) ;
#266 = LENGTH_MEASURE_WITH_UNIT ( LENGTH_MEASURE( 0.02539999999999999897 ), #1429 );
#267 = CARTESIAN_POINT ( 'NONE',  ( 0.0000000000000000000, 0.07086614173228340807, 0.6155108108746286666 ) ) ;
#268 = CARTESIAN_POINT ( 'NONE',  ( 0.2017563611368419219, 0.04724409448818891327, 0.3543307086614174151 ) ) ;
#269 = EDGE_CURVE ( 'NONE', #2781, #1968, #319, .T. ) ;
#270 = ORIENTED_EDGE ( 'NONE', *, *, #541, .T. ) ;
#271 = VERTEX_POINT ( 'NONE', #301 ) ;
#272 = CARTESIAN_POINT ( 'NONE',  ( 0.2017563611368419219, 0.04724409448818891327, 0.3543307086614174151 ) ) ;
#273 = ORIENTED_EDGE ( 'NONE', *, *, #2181, .T. ) ;
#274 = UNCERTAINTY_MEASURE_WITH_UNIT (LENGTH_MEASURE( 1.000000000000000082E-05 ), #1781, 'distance_accuracy_value', 'NONE');
#275 = CARTESIAN_POINT ( 'NONE',  ( -0.5244376210029487728, 0.1752257874575956775, -8.215623190830987053E-15 ) ) ;
#276 =( NAMED_UNIT ( * ) SI_UNIT ( $, .STERADIAN. ) SOLID_ANGLE_UNIT ( ) );
#277 = CARTESIAN_POINT ( 'NONE',  ( 0.2618110236220472231, 0.04724409448818890633, 0.4143782612766828688 ) ) ;
#278 = CARTESIAN_POINT ( 'NONE',  ( -0.05399529660753443067, 0.1728571810361272387, -0.1079905932150655723 ) ) ;
#279 = CARTESIAN_POINT ( 'NONE',  ( 0.0000000000000000000, 0.2362204724409449064, -0.6889763779527559029 ) ) ;
#280 = PRESENTATION_STYLE_ASSIGNMENT (( #50 ) ) ;
#281 = CARTESIAN_POINT ( 'NONE',  ( -0.1741205190477453368, 0.2120798739292880652, -2.132361363176970616E-17 ) ) ;
#282 = CARTESIAN_POINT ( 'NONE',  ( 0.0000000000000000000, 0.07086614173228340807, 0.0000000000000000000 ) ) ;
#283 = LINE ( 'NONE', #2078, #348 ) ;
#284 = ORIENTED_EDGE ( 'NONE', *, *, #486, .F. ) ;
#285 = ORIENTED_EDGE ( 'NONE', *, *, #1896, .F. ) ;
#286 = DIRECTION ( 'NONE',  ( 0.0000000000000000000, 1.000000000000000000, 0.0000000000000000000 ) ) ;
#287 = PLANE ( 'NONE',  #2188 ) ;
#288 = ORIENTED_EDGE ( 'NONE', *, *, #861, .T. ) ;
#289 = CARTESIAN_POINT ( 'NONE',  ( -0.2585331613444408760, 0.1737706638455954189, 0.5170663226888720931 ) ) ;
#290 = ADVANCED_FACE ( 'NONE', ( #1196 ), #287, .F. ) ;
#291 = DIRECTION ( 'NONE',  ( 0.0000000000000000000, 1.000000000000000000, 0.0000000000000000000 ) ) ;
#292 = CARTESIAN_POINT ( 'NONE',  ( 0.4935253958794301732, 0.1736395245305357715, 1.208788592723347696E-16 ) ) ;
#293 = CARTESIAN_POINT ( 'NONE',  ( 0.0000000000000000000, 0.2362204724409448509, 0.0000000000000000000 ) ) ;
#294 = DIRECTION ( 'NONE',  ( 0.0000000000000000000, 0.0000000000000000000, 1.000000000000000000 ) ) ;
#295 =( LENGTH_UNIT ( ) NAMED_UNIT ( * ) SI_UNIT ( $, .METRE. ) );
#296 = FILL_AREA_STYLE_COLOUR ( '', #2283 ) ;
#297 = CARTESIAN_POINT ( 'NONE',  ( -0.6044764771306889717, 0.1987671400432625968, -1.208952954261341306 ) ) ;
#298 = AXIS2_PLACEMENT_3D ( 'NONE', #1557, #481, #2276 ) ;
#299 = VERTEX_POINT ( 'NONE', #782 ) ;
#300 = PRESENTATION_LAYER_ASSIGNMENT (  '', '', ( #2693 ) ) ;
#301 = CARTESIAN_POINT ( 'NONE',  ( 0.6498533826253535262, 0.1792173173961308374, 0.0000000000000000000 ) ) ;
#302 = ORIENTED_EDGE ( 'NONE', *, *, #449, .T. ) ;
#303 = CIRCLE ( 'NONE', #2324, 0.02362204724409448092 ) ;
#304 = PRESENTATION_STYLE_ASSIGNMENT (( #788 ) ) ;
#305 = ADVANCED_FACE ( 'NONE', ( #2127 ), #509, .T. ) ;
#306 = DIRECTION ( 'NONE',  ( -0.0000000000000000000, -0.0000000000000000000, -1.000000000000000000 ) ) ;
#307 = CARTESIAN_POINT ( 'NONE',  ( 0.0000000000000000000, 0.1181102362204724532, 0.0000000000000000000 ) ) ;
#308 = CARTESIAN_POINT ( 'NONE',  ( 0.05399529660753221716, 0.1728571810361273220, 0.1079905932150661413 ) ) ;
#309 = CIRCLE ( 'NONE', #133, 0.6155108108746286666 ) ;
#310 = CARTESIAN_POINT ( 'NONE',  ( 0.0000000000000000000, 0.09055118110236209938, 0.0000000000000000000 ) ) ;
#311 = CARTESIAN_POINT ( 'NONE',  ( -0.5176969074963324591, 0.1726140483704642625, -6.339958606938670180E-17 ) ) ;
#312 =( GEOMETRIC_REPRESENTATION_CONTEXT ( 3 ) GLOBAL_UNCERTAINTY_ASSIGNED_CONTEXT ( ( #2219 ) ) GLOBAL_UNIT_ASSIGNED_CONTEXT ( ( #1, #1816, #1984 ) ) REPRESENTATION_CONTEXT ( 'NONE', 'WORKASPACE' ) );
#313 = CARTESIAN_POINT ( 'NONE',  ( 0.0000000000000000000, 0.1850393700787402174, -0.6889763779527559029 ) ) ;
#314 = VECTOR ( 'NONE', #1834, 39.37007874015748143 ) ;
#315 = ORIENTED_EDGE ( 'NONE', *, *, #870, .F. ) ;
#316 = PLANE ( 'NONE',  #1923 ) ;
#317 = ORIENTED_EDGE ( 'NONE', *, *, #727, .T. ) ;
#318 = CIRCLE ( 'NONE', #2394, 0.003151074920650226863 ) ;
#319 = LINE ( 'NONE', #739, #2697 ) ;
#320 = ORIENTED_EDGE ( 'NONE', *, *, #969, .F. ) ;
#321 = CIRCLE ( 'NONE', #1303, 0.6155108108746286666 ) ;
#322 = CARTESIAN_POINT ( 'NONE',  ( 0.003151074920650225562, 0.1769517321540278465, 0.006302149841300534391 ) ) ;
#323 = LENGTH_MEASURE_WITH_UNIT ( LENGTH_MEASURE( 0.02539999999999999897 ), #1033 );
#324 = EDGE_CURVE ( 'NONE', #2783, #494, #910, .T. ) ;
#325 = DIRECTION ( 'NONE',  ( 0.0000000000000000000, 0.0000000000000000000, -1.000000000000000000 ) ) ;
#326 = EDGE_CURVE ( 'NONE', #99, #1893, #539, .T. ) ;
#327 = CARTESIAN_POINT ( 'NONE',  ( -0.2017563611368419219, 0.02362204724409367948, 6.338582677165354617 ) ) ;
#328 = CARTESIAN_POINT ( 'NONE',  ( -0.08220151307805520502, 0.1824535550159782360, 1.669154247612792654E-15 ) ) ;
#329 = DIRECTION ( 'NONE',  ( 0.0000000000000000000, 0.0000000000000000000, 1.000000000000000000 ) ) ;
#330 = ORIENTED_EDGE ( 'NONE', *, *, #2566, .T. ) ;
#331 = CARTESIAN_POINT ( 'NONE',  ( -0.06133974496198478510, 0.1744149354604239421, -7.511952232820965646E-18 ) ) ;
#332 = CARTESIAN_POINT ( 'NONE',  ( -0.2835429222471025357, 0.1759884926702386110, -0.5670858444941880849 ) ) ;
#333 = DIRECTION ( 'NONE',  ( 0.0000000000000000000, 0.0000000000000000000, 1.000000000000000000 ) ) ;
#334 = ORIENTED_EDGE ( 'NONE', *, *, #1942, .F. ) ;
#335 = CARTESIAN_POINT ( 'NONE',  ( -0.1007669639867810329, 0.1939537854326396638, 2.046137591139827680E-15 ) ) ;
#336 =( CONVERSION_BASED_UNIT ( 'INCH', #2356 ) LENGTH_UNIT ( ) NAMED_UNIT ( #803 ) );
#337 = PRODUCT_DEFINITION ( 'UNKNOWN', '', #2031, #1507 ) ;
#338 = PRESENTATION_STYLE_ASSIGNMENT (( #792 ) ) ;
#339 = DIRECTION ( 'NONE',  ( 0.0000000000000000000, 0.0000000000000000000, 1.000000000000000000 ) ) ;
#340 = VERTEX_POINT ( 'NONE', #1867 ) ;
#341 = LENGTH_MEASURE_WITH_UNIT ( LENGTH_MEASURE( 0.02539999999999999897 ), #536 );
#342 = EDGE_CURVE ( 'NONE', #1805, #2695, #2147, .T. ) ;
#343 = ORIENTED_EDGE ( 'NONE', *, *, #1917, .F. ) ;
#344 =( NAMED_UNIT ( * ) SI_UNIT ( $, .STERADIAN. ) SOLID_ANGLE_UNIT ( ) );
#345 = FILL_AREA_STYLE ('',( #742 ) ) ;
#346 = CARTESIAN_POINT ( 'NONE',  ( -0.2019163838078440187, 0.2051073757060070113, 4.100041192373771647E-15 ) ) ;
#347 = ORIENTED_EDGE ( 'NONE', *, *, #1945, .F. ) ;
#348 = VECTOR ( 'NONE', #65, 39.37007874015748143 ) ;
#349 = CARTESIAN_POINT ( 'NONE',  ( 0.6372522310881896246, 0.1842287680062450195, 1.274504462176399455 ) ) ;
#350 = CYLINDRICAL_SURFACE ( 'NONE', #140, 0.6155108108746286666 ) ;
#351 = AXIS2_PLACEMENT_3D ( 'NONE', #89, #1409, #2081 ) ;
#352 = CARTESIAN_POINT ( 'NONE',  ( 0.06133974496198478510, 0.1744149354604239421, 1.502390446564199909E-17 ) ) ;
#353 = PRESENTATION_LAYER_ASSIGNMENT (  '', '', ( #638 ) ) ;
#354 = DIRECTION ( 'NONE',  ( 0.0000000000000000000, -1.000000000000000000, 0.0000000000000000000 ) ) ;
#355 = DIRECTION ( 'NONE',  ( 1.000000000000000000, 0.0000000000000000000, 0.0000000000000000000 ) ) ;
#356 = ORIENTED_EDGE ( 'NONE', *, *, #2197, .T. ) ;
#357 = AXIS2_PLACEMENT_3D ( 'NONE', #2785, #1853, #924 ) ;
#358 = DIRECTION ( 'NONE',  ( 0.0000000000000000000, 0.0000000000000000000, -1.000000000000000000 ) ) ;
#359 =( NAMED_UNIT ( * ) PLANE_ANGLE_UNIT ( ) SI_UNIT ( $, .RADIAN. ) );
#360 = CARTESIAN_POINT ( 'NONE',  ( -0.3828783613019213217, 0.2169911204086175105, 7.774589775242708069E-15 ) ) ;
#361 = EDGE_CURVE ( 'NONE', #1740, #2482, #2569, .T. ) ;
#362 = VERTEX_POINT ( 'NONE', #25 ) ;
#363 = CONICAL_SURFACE ( 'NONE', #1115, 0.3149606299212598381, 0.8198672643969542317 ) ;
#364 = DIRECTION ( 'NONE',  ( 0.0000000000000000000, 0.0000000000000000000, 1.000000000000000000 ) ) ;
#365 = AXIS2_PLACEMENT_3D ( 'NONE', #466, #451, #2261 ) ;
#366 = AXIS2_PLACEMENT_3D ( 'NONE', #1807, #240, #1563 ) ;
#367 = CARTESIAN_POINT ( 'NONE',  ( 0.1128185154074830832, 0.2012665611251221176, 0.2256370308149697745 ) ) ;
#368 = DIRECTION ( 'NONE',  ( 0.0000000000000000000, -1.000000000000000000, 0.0000000000000000000 ) ) ;
#369 = FACE_BOUND ( 'NONE', #2414, .T. ) ;
#370 = ORIENTED_EDGE ( 'NONE', *, *, #1032, .T. ) ;
#371 = LENGTH_MEASURE_WITH_UNIT ( LENGTH_MEASURE( 0.02539999999999999897 ), #1631 );
#372 = CARTESIAN_POINT ( 'NONE',  ( 0.3575423883091309873, 0.2083538137197429863, 0.0000000000000000000 ) ) ;
#373 = ORIENTED_EDGE ( 'NONE', *, *, #1975, .F. ) ;
#374 = DIRECTION ( 'NONE',  ( 0.0000000000000000000, 0.8660254037844398178, 0.4999999999999979461 ) ) ;
#375 = VERTEX_POINT ( 'NONE', #1315 ) ;
#376 = EDGE_CURVE ( 'NONE', #55, #299, #1285, .T. ) ;
#377 = CARTESIAN_POINT ( 'NONE',  ( 0.0000000000000000000, 0.06692913385826765316, 0.0000000000000000000 ) ) ;
#378 = CARTESIAN_POINT ( 'NONE',  ( 0.2618110236220473341, 0.06692913385826765316, 0.2586991666985375415 ) ) ;
#379 = FACE_OUTER_BOUND ( 'NONE', #1926, .T. ) ;
#380 = DIRECTION ( 'NONE',  ( -0.0000000000000000000, -1.000000000000000000, -0.0000000000000000000 ) ) ;
#381 = ORIENTED_EDGE ( 'NONE', *, *, #1404, .F. ) ;
#382 = FILL_AREA_STYLE_COLOUR ( '', #1918 ) ;
#383 = CARTESIAN_POINT ( 'NONE',  ( -0.2017563611368419219, 0.04724409448818891327, 0.3543307086614174151 ) ) ;
#384 = CARTESIAN_POINT ( 'NONE',  ( -0.3270562637535300299, 0.1890627244617311964, 6.641086415698981109E-15 ) ) ;
#385 = ORIENTED_EDGE ( 'NONE', *, *, #2251, .F. ) ;
#386 = FILL_AREA_STYLE_COLOUR ( '', #699 ) ;
#387 = LINE ( 'NONE', #2876, #2700 ) ;
#388 = CIRCLE ( 'NONE', #587, 0.05889528122892669776 ) ;
#389 = CARTESIAN_POINT ( 'NONE',  ( -0.4770518273094471184, 0.1800974114635978118, -5.842199933419102299E-17 ) ) ;
#390 = DIRECTION ( 'NONE',  ( 1.000000000000000000, 0.0000000000000000000, 0.0000000000000000000 ) ) ;
#391 = CARTESIAN_POINT ( 'NONE',  ( 0.1128185154074831387, 0.2012665611251220898, 2.763256675566602048E-17 ) ) ;
#392 = VECTOR ( 'NONE', #898, 39.37007874015748143 ) ;
#393 = EDGE_CURVE ( 'NONE', #2173, #2146, #784, .T. ) ;
#394 = AXIS2_PLACEMENT_3D ( 'NONE', #2121, #2437, #460 ) ;
#395 = MECHANICAL_DESIGN_GEOMETRIC_PRESENTATION_REPRESENTATION (  '', ( #2756 ), #2381 ) ;
#396 = EDGE_LOOP ( 'NONE', ( #1268, #585, #1431, #2315 ) ) ;
#397 = CARTESIAN_POINT ( 'NONE',  ( 0.0000000000000000000, 0.06692913385826765316, 0.0000000000000000000 ) ) ;
#398 =( GEOMETRIC_REPRESENTATION_CONTEXT ( 3 ) GLOBAL_UNCERTAINTY_ASSIGNED_CONTEXT ( ( #72 ) ) GLOBAL_UNIT_ASSIGNED_CONTEXT ( ( #215, #1372, #1564 ) ) REPRESENTATION_CONTEXT ( 'NONE', 'WORKASPACE' ) );
#399 = CARTESIAN_POINT ( 'NONE',  ( 0.4181008279649997550, 0.2143133890609769665, 0.0000000000000000000 ) ) ;
#400 = VERTEX_POINT ( 'NONE', #2593 ) ;
#401 = DIRECTION ( 'NONE',  ( 6.123233995736741384E-17, 0.8660254037844398178, -0.4999999999999979461 ) ) ;
#402 = CIRCLE ( 'NONE', #2764, 0.6473990711985351254 ) ;
#403 = MANIFOLD_SOLID_BREP ( '??-??7', #250 ) ;
#404 = FILL_AREA_STYLE ('',( #2429 ) ) ;
#405 = CIRCLE ( 'NONE', #2665, 0.6155108108746286666 ) ;
#406 = CARTESIAN_POINT ( 'NONE',  ( -0.2986215340048686828, 0.1780875068731720967, -3.657059057755349276E-17 ) ) ;
#407 = CARTESIAN_POINT ( 'NONE',  ( 7.955382750366663244E-17, 0.0000000000000000000, 0.6496062992125983815 ) ) ;
#408 = MECHANICAL_DESIGN_GEOMETRIC_PRESENTATION_REPRESENTATION (  '', ( #145 ), #2713 ) ;
#409 = CARTESIAN_POINT ( 'NONE',  ( 0.1526534748668500197, 0.2133667813475457753, -0.3053069497337060900 ) ) ;
#410 = AXIS2_PLACEMENT_3D ( 'NONE', #1224, #2123, #825 ) ;
#411 = CARTESIAN_POINT ( 'NONE',  ( -0.3681861936811547942, 0.2251810377203327940, 2.571030448914871148E-15 ) ) ;
#412 = ADVANCED_FACE ( 'NONE', ( #1183 ), #512, .F. ) ;
#413 = ORIENTED_EDGE ( 'NONE', *, *, #109, .T. ) ;
#414 = DIRECTION ( 'NONE',  ( -4.386985935823535642E-16, -0.0000000000000000000, -1.000000000000000000 ) ) ;
#415 = EDGE_CURVE ( 'NONE', #1976, #596, #949, .T. ) ;
#416 =( CONVERSION_BASED_UNIT ( 'INCH', #210 ) LENGTH_UNIT ( ) NAMED_UNIT ( #255 ) );
#417 = CARTESIAN_POINT ( 'NONE',  ( 0.5072513846145756400, 0.1714163075617459175, -1.014502769229171930 ) ) ;
#418 = ORIENTED_EDGE ( 'NONE', *, *, #2343, .F. ) ;
#419 = UNCERTAINTY_MEASURE_WITH_UNIT (LENGTH_MEASURE( 1.000000000000000082E-05 ), #336, 'distance_accuracy_value', 'NONE');
#420 = CARTESIAN_POINT ( 'NONE',  ( 0.2015121395937424509, 0.2191190094240818009, 0.0000000000000000000 ) ) ;
#421 = UNCERTAINTY_MEASURE_WITH_UNIT (LENGTH_MEASURE( 1.000000000000000082E-05 ), #1189, 'distance_accuracy_value', 'NONE');
#422 = DIRECTION ( 'NONE',  ( 0.0000000000000000000, 0.0000000000000000000, -1.000000000000000000 ) ) ;
#423 = CARTESIAN_POINT ( 'NONE',  ( 0.4386559324786400982, 0.2064779531048648864, 0.0000000000000000000 ) ) ;
#424 = CARTESIAN_POINT ( 'NONE',  ( -0.1951982895846077481, 0.2075055388899667286, -3.057895792553806840E-15 ) ) ;
#425 = CARTESIAN_POINT ( 'NONE',  ( -0.1526534748668560981, 0.2133667813475457753, -0.3053069497337030369 ) ) ;
#426 = MANIFOLD_SOLID_BREP ( '??1[2]', #735 ) ;
#427 = PRESENTATION_STYLE_ASSIGNMENT (( #1790 ) ) ;
#428 = CARTESIAN_POINT ( 'NONE',  ( 0.0000000000000000000, 0.09055118110236209938, 0.0000000000000000000 ) ) ;
#429 = PRESENTATION_STYLE_ASSIGNMENT (( #1516 ) ) ;
#430 = CARTESIAN_POINT ( 'NONE',  ( 0.4968772472354673897, 0.1726491269270444828, -0.9937544944709556516 ) ) ;
#431 = EDGE_CURVE ( 'NONE', #2190, #2269, #167, .T. ) ;
#432 = CARTESIAN_POINT ( 'NONE',  ( 0.1812694662921827127, 0.2109797255334494304, 0.0000000000000000000 ) ) ;
#433 = ORIENTED_EDGE ( 'NONE', *, *, #902, .T. ) ;
#434 = DIRECTION ( 'NONE',  ( -4.386985935823535642E-16, -0.0000000000000000000, -1.000000000000000000 ) ) ;
#435 = CARTESIAN_POINT ( 'NONE',  ( 0.1812694662921827127, 0.2109797255334494304, 0.0000000000000000000 ) ) ;
#436 = CARTESIAN_POINT ( 'NONE',  ( -0.3060989644731001436, 0.1800665235920397844, 0.6121979289461856322 ) ) ;
#437 = CARTESIAN_POINT ( 'NONE',  ( 0.2017563611368419219, 0.02362204724409368989, 6.338582677165354617 ) ) ;
#438 = LINE ( 'NONE', #1331, #2715 ) ;
#439 = CARTESIAN_POINT ( 'NONE',  ( 0.3216935093855304295, 0.1853513585691051735, 0.0000000000000000000 ) ) ;
#440 = AXIS2_PLACEMENT_3D ( 'NONE', #129, #354, #2852 ) ;
#441 = DIRECTION ( 'NONE',  ( 0.0000000000000000000, 0.0000000000000000000, 1.000000000000000000 ) ) ;
#442 = FACE_OUTER_BOUND ( 'NONE', #1717, .T. ) ;
#443 = PRESENTATION_LAYER_ASSIGNMENT (  '', '', ( #1059 ) ) ;
#444 = CARTESIAN_POINT ( 'NONE',  ( 0.5244376210029488838, 0.1752257874575956775, -1.048875242005919084 ) ) ;
#445 = VERTEX_POINT ( 'NONE', #1008 ) ;
#446 = DIMENSIONAL_EXPONENTS ( 1.000000000000000000, 0.0000000000000000000, 0.0000000000000000000, 0.0000000000000000000, 0.0000000000000000000, 0.0000000000000000000, 0.0000000000000000000 ) ;
#447 = AXIS2_PLACEMENT_3D ( 'NONE', #1602, #2707, #2059 ) ;
#448 =( NAMED_UNIT ( * ) SI_UNIT ( $, .STERADIAN. ) SOLID_ANGLE_UNIT ( ) );
#449 = EDGE_CURVE ( 'NONE', #445, #1450, #176, .T. ) ;
#450 = AXIS2_PLACEMENT_3D ( 'NONE', #1827, #1635, #2726 ) ;
#451 = DIRECTION ( 'NONE',  ( 1.000000000000000000, 0.0000000000000000000, -1.224646799147353207E-16 ) ) ;
#452 = CARTESIAN_POINT ( 'NONE',  ( 0.1741205190477453368, 0.2120798739292880652, 0.0000000000000000000 ) ) ;
#453 = CARTESIAN_POINT ( 'NONE',  ( -0.2611919843673859432, 0.1779030232833283820, -4.091725761252728377E-15 ) ) ;
#454 = SURFACE_STYLE_USAGE ( .BOTH. , #2055 ) ;
#455 = COLOUR_RGB ( '',0.4117647058823529216, 0.4117647058823529216, 0.4117647058823529216 ) ;
#456 =( CONVERSION_BASED_UNIT ( 'INCH', #341 ) LENGTH_UNIT ( ) NAMED_UNIT ( #2849 ) );
#457 = AXIS2_PLACEMENT_3D ( 'NONE', #1525, #2877, #1542 ) ;
#458 = DIRECTION ( 'NONE',  ( -0.0000000000000000000, -1.000000000000000000, -0.0000000000000000000 ) ) ;
#459 = VECTOR ( 'NONE', #401, 39.37007874015748143 ) ;
#460 = DIRECTION ( 'NONE',  ( -1.000000000000000000, 0.0000000000000000000, 0.0000000000000000000 ) ) ;
#461 = SURFACE_STYLE_FILL_AREA ( #655 ) ;
#462 = SURFACE_SIDE_STYLE ('',( #1352 ) ) ;
#463 = CARTESIAN_POINT ( 'NONE',  ( -0.5244376210029702001, 0.1752257874575956775, -1.048875242005908426 ) ) ;
#464 = ORIENTED_EDGE ( 'NONE', *, *, #1258, .F. ) ;
#465 = CARTESIAN_POINT ( 'NONE',  ( -0.1383223360145295622, 0.2115346253237188057, 2.808723417039056926E-15 ) ) ;
#466 = CARTESIAN_POINT ( 'NONE',  ( -0.2017563611368419219, 0.04724409448818891327, 0.3543307086614174151 ) ) ;
#467 = DIMENSIONAL_EXPONENTS ( 1.000000000000000000, 0.0000000000000000000, 0.0000000000000000000, 0.0000000000000000000, 0.0000000000000000000, 0.0000000000000000000, 0.0000000000000000000 ) ;
#468 = CARTESIAN_POINT ( 'NONE',  ( 0.2759397049008950886, 0.1758680113019952529, 6.758573527290926121E-17 ) ) ;
#469 = CARTESIAN_POINT ( 'NONE',  ( 7.537833443782058891E-17, 0.06692913385826765316, -0.6155108108746286666 ) ) ;
#470 = CARTESIAN_POINT ( 'NONE',  ( 0.0000000000000000000, 0.06692913385826765316, 0.0000000000000000000 ) ) ;
#471 = ADVANCED_FACE ( 'NONE', ( #1973, #2460 ), #1732, .T. ) ;
#472 =( CONVERSION_BASED_UNIT ( 'INCH', #683 ) LENGTH_UNIT ( ) NAMED_UNIT ( #2019 ) );
#473 = SURFACE_STYLE_FILL_AREA ( #704 ) ;
#474 = DIRECTION ( 'NONE',  ( -0.0000000000000000000, -1.000000000000000000, -0.0000000000000000000 ) ) ;
#475 = CARTESIAN_POINT ( 'NONE',  ( 0.6473990711985352364, 0.1761389434064651038, -1.294798142397096896 ) ) ;
#476 = EDGE_LOOP ( 'NONE', ( #2575, #2548, #561 ) ) ;
#477 = FACE_OUTER_BOUND ( 'NONE', #1198, .T. ) ;
#478 = DIRECTION ( 'NONE',  ( -0.0000000000000000000, -1.000000000000000000, -0.0000000000000000000 ) ) ;
#479 = CARTESIAN_POINT ( 'NONE',  ( 0.1383223360145295622, 0.2115346253237188057, 0.0000000000000000000 ) ) ;
#480 = CARTESIAN_POINT ( 'NONE',  ( -0.3270562637535402994, 0.1890627244617311964, 0.6541125275070646117 ) ) ;
#481 = DIRECTION ( 'NONE',  ( -0.0000000000000000000, -1.000000000000000000, -0.0000000000000000000 ) ) ;
#482 = CIRCLE ( 'NONE', #1513, 0.02362204724409448092 ) ;
#483 = DIRECTION ( 'NONE',  ( 0.0000000000000000000, 1.000000000000000000, 0.0000000000000000000 ) ) ;
#484 = FACE_OUTER_BOUND ( 'NONE', #2615, .T. ) ;
#485 = CARTESIAN_POINT ( 'NONE',  ( -0.05399529660753223798, 0.1728571810361272387, 1.096408999162760212E-15 ) ) ;
#486 = EDGE_CURVE ( 'NONE', #132, #2217, #1288, .T. ) ;
#487 = DIMENSIONAL_EXPONENTS ( 1.000000000000000000, 0.0000000000000000000, 0.0000000000000000000, 0.0000000000000000000, 0.0000000000000000000, 0.0000000000000000000, 0.0000000000000000000 ) ;
#488 =( NAMED_UNIT ( * ) PLANE_ANGLE_UNIT ( ) SI_UNIT ( $, .RADIAN. ) );
#489 = DIRECTION ( 'NONE',  ( 0.0000000000000000000, -1.241126171134722389E-16, 1.000000000000000000 ) ) ;
#490 = DIRECTION ( 'NONE',  ( 0.0000000000000000000, 0.0000000000000000000, 1.000000000000000000 ) ) ;
#491 = VERTEX_POINT ( 'NONE', #201 ) ;
#492 = ORIENTED_EDGE ( 'NONE', *, *, #415, .F. ) ;
#493 = CIRCLE ( 'NONE', #1954, 0.02362204724409448092 ) ;
#494 = VERTEX_POINT ( 'NONE', #2187 ) ;
#495 = CARTESIAN_POINT ( 'NONE',  ( 0.6302045854340951880, 0.1948828173099276528, 1.543556056719693798E-16 ) ) ;
#496 = AXIS2_PLACEMENT_3D ( 'NONE', #1977, #606, #1480 ) ;
#497 = CARTESIAN_POINT ( 'NONE',  ( 0.5176969074963321260, 0.1726140483704642625, 1.035393814992680683 ) ) ;
#498 = AXIS2_PLACEMENT_3D ( 'NONE', #191, #582, #2367 ) ;
#499 = CARTESIAN_POINT ( 'NONE',  ( -0.02664350457559374469, 0.1732912337363215760, -3.262888259656874805E-18 ) ) ;
#500 = EDGE_CURVE ( 'NONE', #1968, #1971, #180, .T. ) ;
#501 = MECHANICAL_DESIGN_GEOMETRIC_PRESENTATION_REPRESENTATION (  '', ( #846 ), #2533 ) ;
#502 = LENGTH_MEASURE_WITH_UNIT ( LENGTH_MEASURE( 0.02539999999999999897 ), #1861 );
#503 = AXIS2_PLACEMENT_3D ( 'NONE', #605, #588, #1073 ) ;
#504 = ORIENTED_EDGE ( 'NONE', *, *, #2436, .T. ) ;
#505 = CARTESIAN_POINT ( 'NONE',  ( 0.2017563611368419219, 0.04724409448818891327, 0.3543307086614174151 ) ) ;
#506 = EDGE_CURVE ( 'NONE', #689, #149, #1068, .T. ) ;
#507 = ORIENTED_EDGE ( 'NONE', *, *, #1363, .F. ) ;
#508 = CIRCLE ( 'NONE', #1687, 0.6889763779527559029 ) ;
#509 = SPHERICAL_SURFACE ( 'NONE', #351, 0.05889528122892669776 ) ;
#510 = VERTEX_POINT ( 'NONE', #2510 ) ;
#511 = CARTESIAN_POINT ( 'NONE',  ( 0.6498533826253531931, 0.1792173173961308652, 1.299706765250723484 ) ) ;
#512 = CYLINDRICAL_SURFACE ( 'NONE', #2653, 0.6496062992125983815 ) ;
#513 = DIRECTION ( 'NONE',  ( 0.0000000000000000000, 1.000000000000000000, 0.0000000000000000000 ) ) ;
#514 = CARTESIAN_POINT ( 'NONE',  ( -0.01654471445617295561, 0.1708802737961489238, 3.359509986615348540E-16 ) ) ;
#515 = FILL_AREA_STYLE ('',( #1469 ) ) ;
#516 = DIRECTION ( 'NONE',  ( -0.0000000000000000000, -1.000000000000000000, -0.0000000000000000000 ) ) ;
#517 = DIRECTION ( 'NONE',  ( 0.0000000000000000000, 1.000000000000000000, 0.0000000000000000000 ) ) ;
#518 = DIRECTION ( 'NONE',  ( -0.0000000000000000000, -1.000000000000000000, -0.0000000000000000000 ) ) ;
#519 = ORIENTED_EDGE ( 'NONE', *, *, #486, .T. ) ;
#520 = ORIENTED_EDGE ( 'NONE', *, *, #2825, .T. ) ;
#521 = DIRECTION ( 'NONE',  ( 1.000000000000000000, 0.0000000000000000000, 1.318477066661416368E-16 ) ) ;
#522 = EDGE_CURVE ( 'NONE', #1644, #1971, #705, .T. ) ;
#523 = ORIENTED_EDGE ( 'NONE', *, *, #823, .F. ) ;
#524 = CARTESIAN_POINT ( 'NONE',  ( -0.4435557102729243972, 0.2202319924114491956, -5.569712445271342799E-15 ) ) ;
#525 = CARTESIAN_POINT ( 'NONE',  ( 0.4935253958794297846, 0.1736395245305357438, 0.9870507917588755564 ) ) ;
#526 =( NAMED_UNIT ( * ) SI_UNIT ( $, .STERADIAN. ) SOLID_ANGLE_UNIT ( ) );
#527 = CARTESIAN_POINT ( 'NONE',  ( -0.6302045854340951880, 0.1948828173099276528, -7.717780283598493642E-17 ) ) ;
#528 = CARTESIAN_POINT ( 'NONE',  ( 0.6889763779527559029, 0.2362204724409449064, 0.0000000000000000000 ) ) ;
#529 =( LENGTH_UNIT ( ) NAMED_UNIT ( * ) SI_UNIT ( $, .METRE. ) );
#530 = SURFACE_SIDE_STYLE ('',( #2557 ) ) ;
#531 = CARTESIAN_POINT ( 'NONE',  ( -0.5072513846145755290, 0.1714163075617459175, -6.212037845313028543E-17 ) ) ;
#532 = CARTESIAN_POINT ( 'NONE',  ( 0.0000000000000000000, 0.04724409448818890633, 0.0000000000000000000 ) ) ;
#533 = SURFACE_STYLE_USAGE ( .BOTH. , #1176 ) ;
#534 = EDGE_LOOP ( 'NONE', ( #2244, #2065, #270, #2608 ) ) ;
#535 = CIRCLE ( 'NONE', #1188, 0.6889763779527559029 ) ;
#536 =( LENGTH_UNIT ( ) NAMED_UNIT ( * ) SI_UNIT ( $, .METRE. ) );
#537 = ORIENTED_EDGE ( 'NONE', *, *, #1456, .T. ) ;
#538 = AXIS2_PLACEMENT_3D ( 'NONE', #1886, #951, #2132 ) ;
#539 = LINE ( 'NONE', #1883, #2755 ) ;
#540 = EDGE_LOOP ( 'NONE', ( #2082, #2605, #2514, #2314, #2799, #1510 ) ) ;
#541 = EDGE_CURVE ( 'NONE', #934, #2146, #957, .T. ) ;
#542 = CARTESIAN_POINT ( 'NONE',  ( -0.1248730613234760450, 0.2197697315699903842, 0.2497461226469473994 ) ) ;
#543 = VECTOR ( 'NONE', #1386, 39.37007874015748143 ) ;
#544 = SURFACE_STYLE_FILL_AREA ( #1214 ) ;
#545 = AXIS2_PLACEMENT_3D ( 'NONE', #2192, #195, #2412 ) ;
#546 = LINE ( 'NONE', #1875, #1293 ) ;
#547 = CARTESIAN_POINT ( 'NONE',  ( 0.0000000000000000000, 0.07086614173228340807, 0.0000000000000000000 ) ) ;
#548 = CARTESIAN_POINT ( 'NONE',  ( 0.09478821437510888404, 0.1899005548132128851, 2.321641666627399502E-17 ) ) ;
#549 = DIMENSIONAL_EXPONENTS ( 1.000000000000000000, 0.0000000000000000000, 0.0000000000000000000, 0.0000000000000000000, 0.0000000000000000000, 0.0000000000000000000, 0.0000000000000000000 ) ;
#550 = CIRCLE ( 'NONE', #745, 0.6498533826253535262 ) ;
#551 = CARTESIAN_POINT ( 'NONE',  ( 0.0000000000000000000, 0.1299212598425196763, 0.6496062992125984925 ) ) ;
#552 = CARTESIAN_POINT ( 'NONE',  ( -0.2759397049008950886, 0.1758680113019952529, -3.379286763645464293E-17 ) ) ;
#553 = PRESENTATION_STYLE_ASSIGNMENT (( #1727 ) ) ;
#554 = CIRCLE ( 'NONE', #2049, 0.003151074920650226863 ) ;
#555 = FACE_OUTER_BOUND ( 'NONE', #396, .T. ) ;
#556 = CARTESIAN_POINT ( 'NONE',  ( -0.07547182874134635011, 0.1791388495331930342, 1.532503707068063823E-15 ) ) ;
#557 = SPHERICAL_SURFACE ( 'NONE', #1639, 0.05889528122892669776 ) ;
#558 = VERTEX_POINT ( 'NONE', #911 ) ;
#559 = CARTESIAN_POINT ( 'NONE',  ( 0.3203668902309939059, 0.1855226886560549515, -0.6407337804620009125 ) ) ;
#560 = PLANE ( 'NONE',  #1859 ) ;
#561 = ORIENTED_EDGE ( 'NONE', *, *, #2417, .F. ) ;
#562 = AXIS2_PLACEMENT_3D ( 'NONE', #470, #1799, #666 ) ;
#563 = CARTESIAN_POINT ( 'NONE',  ( -0.5176969074963485573, 0.1726140483704642625, 1.035393814992672468 ) ) ;
#564 = SURFACE_STYLE_USAGE ( .BOTH. , #2168 ) ;
#565 = EDGE_CURVE ( 'NONE', #2781, #1644, #2762, .T. ) ;
#566 = DIRECTION ( 'NONE',  ( -0.0000000000000000000, -0.0000000000000000000, -1.000000000000000000 ) ) ;
#567 = CARTESIAN_POINT ( 'NONE',  ( -0.2541874638491186111, 0.1801050991141626700, -3.112898639862066493E-17 ) ) ;
#568 = FACE_OUTER_BOUND ( 'NONE', #1670, .T. ) ;
#569 = DIRECTION ( 'NONE',  ( -1.000000000000000000, 0.0000000000000000000, 0.0000000000000000000 ) ) ;
#570 = CARTESIAN_POINT ( 'NONE',  ( -0.1741205190477523868, 0.2120798739292880375, -0.3482410380954941709 ) ) ;
#571 = EDGE_LOOP ( 'NONE', ( #2830, #2627, #118, #756 ) ) ;
#572 = SURFACE_SIDE_STYLE ('',( #1690 ) ) ;
#573 = CARTESIAN_POINT ( 'NONE',  ( -0.1812694662921827127, 0.2109797255334494304, 3.680792339391559447E-15 ) ) ;
#574 = CARTESIAN_POINT ( 'NONE',  ( 0.05399529660753223798, 0.1728571810361272387, 0.0000000000000000000 ) ) ;
#575 = ORIENTED_EDGE ( 'NONE', *, *, #1599, .F. ) ;
#576 = CARTESIAN_POINT ( 'NONE',  ( 0.0000000000000000000, 0.0000000000000000000, 0.0000000000000000000 ) ) ;
#577 = CARTESIAN_POINT ( 'NONE',  ( 0.002544939712856287423, 0.1730616638885684178, 6.233304546744886155E-19 ) ) ;
#578 = EDGE_CURVE ( 'NONE', #2206, #2190, #493, .T. ) ;
#579 = LINE ( 'NONE', #2396, #2750 ) ;
#580 = DIRECTION ( 'NONE',  ( 0.0000000000000000000, 0.0000000000000000000, 1.000000000000000000 ) ) ;
#581 = VERTEX_POINT ( 'NONE', #267 ) ;
#582 = DIRECTION ( 'NONE',  ( 0.0000000000000000000, 1.000000000000000000, 0.0000000000000000000 ) ) ;
#583 = CARTESIAN_POINT ( 'NONE',  ( 0.0000000000000000000, 0.0000000000000000000, 0.0000000000000000000 ) ) ;
#584 = CARTESIAN_POINT ( 'NONE',  ( -0.3575423883091455313, 0.2083538137197429863, -0.7150847766182693022 ) ) ;
#585 = ORIENTED_EDGE ( 'NONE', *, *, #1493, .T. ) ;
#586 = CLOSED_SHELL ( 'NONE', ( #15, #305, #290 ) ) ;
#587 = AXIS2_PLACEMENT_3D ( 'NONE', #268, #2259, #1366 ) ;
#588 = DIRECTION ( 'NONE',  ( -1.000000000000000000, 0.0000000000000000000, 1.318477066661416368E-16 ) ) ;
#589 = CARTESIAN_POINT ( 'NONE',  ( 0.6245322372807146083, 0.1919565535483955254, 1.529662810700313712E-16 ) ) ;
#590 = AXIS2_PLACEMENT_3D ( 'NONE', #2248, #648, #242 ) ;
#591 = MECHANICAL_DESIGN_GEOMETRIC_PRESENTATION_REPRESENTATION (  '', ( #2141 ), #1015 ) ;
#592 = CARTESIAN_POINT ( 'NONE',  ( 0.0000000000000000000, 0.07086614173228340807, 0.6155108108746286666 ) ) ;
#593 = CIRCLE ( 'NONE', #834, 0.006889763779527552021 ) ;
#594 =( LENGTH_UNIT ( ) NAMED_UNIT ( * ) SI_UNIT ( $, .METRE. ) );
#595 = SPHERICAL_SURFACE ( 'NONE', #1382, 0.05889528122892669776 ) ;
#596 = VERTEX_POINT ( 'NONE', #2477 ) ;
#597 = AXIS2_PLACEMENT_3D ( 'NONE', #1414, #294, #2277 ) ;
#598 = FILL_AREA_STYLE ('',( #1965 ) ) ;
#599 = CARTESIAN_POINT ( 'NONE',  ( 0.0000000000000000000, 0.1730616638885684178, 0.0000000000000000000 ) ) ;
#600 = PRESENTATION_STYLE_ASSIGNMENT (( #1253 ) ) ;
#601 = CARTESIAN_POINT ( 'NONE',  ( -0.2541874638491186111, 0.1801050991141626700, 5.161438872430515077E-15 ) ) ;
#602 = EDGE_CURVE ( 'NONE', #375, #491, #686, .T. ) ;
#603 = ORIENTED_EDGE ( 'NONE', *, *, #143, .F. ) ;
#604 = COLOUR_RGB ( '',1.000000000000000000, 0.0000000000000000000, 0.0000000000000000000 ) ;
#605 = CARTESIAN_POINT ( 'NONE',  ( 0.1377952755905511861, 0.04724409448818890633, 0.4703900695525311537 ) ) ;
#606 = DIRECTION ( 'NONE',  ( -0.0000000000000000000, -0.0000000000000000000, -1.000000000000000000 ) ) ;
#607 = AXIS2_PLACEMENT_3D ( 'NONE', #230, #241, #2273 ) ;
#608 = COLOUR_RGB ( '',0.2509803921568627416, 0.2509803921568627416, 0.2509803921568627416 ) ;
#609 = CARTESIAN_POINT ( 'NONE',  ( -0.2340157361994314178, 0.1884504031137649860, 0.4680314723988516779 ) ) ;
#610 = DIRECTION ( 'NONE',  ( 1.000000000000000000, 0.0000000000000000000, 0.0000000000000000000 ) ) ;
#611 = ORIENTED_EDGE ( 'NONE', *, *, #2319, .T. ) ;
#612 = ORIENTED_EDGE ( 'NONE', *, *, #1992, .F. ) ;
#613 = FACE_OUTER_BOUND ( 'NONE', #2442, .T. ) ;
#614 = CARTESIAN_POINT ( 'NONE',  ( -0.2017563611368419219, 0.02362204724409368989, 6.338582677165354617 ) ) ;
#615 = CARTESIAN_POINT ( 'NONE',  ( 0.3203668902309939059, 0.1855226886560549238, 0.0000000000000000000 ) ) ;
#616 = VERTEX_POINT ( 'NONE', #2267 ) ;
#617 = CARTESIAN_POINT ( 'NONE',  ( 0.1383223360145295622, 0.2115346253237188057, 0.0000000000000000000 ) ) ;
#618 = DIRECTION ( 'NONE',  ( -0.0000000000000000000, -1.000000000000000000, -0.0000000000000000000 ) ) ;
#619 = ADVANCED_FACE ( 'NONE', ( #2691 ), #2026, .T. ) ;
#620 = CARTESIAN_POINT ( 'NONE',  ( 7.746608097074362916E-17, 0.07086614173228340807, -0.6155108108746286666 ) ) ;
#621 = FACE_OUTER_BOUND ( 'NONE', #1080, .T. ) ;
#622 = CARTESIAN_POINT ( 'NONE',  ( -0.2019163838078502637, 0.2051073757060070391, 0.4038327676156910351 ) ) ;
#623 = LINE ( 'NONE', #2611, #2239 ) ;
#624 = ORIENTED_EDGE ( 'NONE', *, *, #269, .T. ) ;
#625 = PRESENTATION_STYLE_ASSIGNMENT (( #2639 ) ) ;
#626 = CARTESIAN_POINT ( 'NONE',  ( 0.5774765688416647613, 0.2002514002363757206, -1.154953137683353281 ) ) ;
#627 = ORIENTED_EDGE ( 'NONE', *, *, #1167, .T. ) ;
#628 = CARTESIAN_POINT ( 'NONE',  ( 0.2618110236220472231, 0.06692913385826765316, 0.4143782612766828688 ) ) ;
#629 = DIRECTION ( 'NONE',  ( 0.0000000000000000000, 0.0000000000000000000, -1.000000000000000000 ) ) ;
#630 = ADVANCED_FACE ( 'NONE', ( #1642 ), #1435, .T. ) ;
#631 = DIRECTION ( 'NONE',  ( -0.0000000000000000000, -1.000000000000000000, -0.0000000000000000000 ) ) ;
#632 = CARTESIAN_POINT ( 'NONE',  ( 0.2019163838078438522, 0.2051073757060070391, 0.4038327676156941992 ) ) ;
#633 = AXIS2_PLACEMENT_3D ( 'NONE', #1784, #2502, #1156 ) ;
#634 = EDGE_CURVE ( 'NONE', #977, #2781, #1197, .T. ) ;
#635 = CARTESIAN_POINT ( 'NONE',  ( 0.3681861936811547942, 0.2251810377203327940, -0.7363723873623148064 ) ) ;
#636 = ORIENTED_EDGE ( 'NONE', *, *, #2894, .T. ) ;
#637 = CARTESIAN_POINT ( 'NONE',  ( 7.537833443782058891E-17, 0.06692913385826765316, -0.6155108108746286666 ) ) ;
#638 = STYLED_ITEM ( 'NONE', ( #338 ), #688 ) ;
#639 = DIRECTION ( 'NONE',  ( 0.0000000000000000000, 1.000000000000000000, 0.0000000000000000000 ) ) ;
#640 = CARTESIAN_POINT ( 'NONE',  ( -0.4770518273094663808, 0.1800974114635978118, -0.9541036546189041179 ) ) ;
#641 = AXIS2_PLACEMENT_3D ( 'NONE', #1731, #1265, #1745 ) ;
#642 = ORIENTED_EDGE ( 'NONE', *, *, #1945, .T. ) ;
#643 = CARTESIAN_POINT ( 'NONE',  ( 0.0000000000000000000, 0.1850393700787401619, -0.7086614173228348301 ) ) ;
#644 = CARTESIAN_POINT ( 'NONE',  ( 0.1248730613234729225, 0.2197697315699903564, -0.2497461226469475937 ) ) ;
#645 = STYLED_ITEM ( 'NONE', ( #1336 ), #1821 ) ;
#646 = DIRECTION ( 'NONE',  ( 0.0000000000000000000, 1.000000000000000000, 0.0000000000000000000 ) ) ;
#647 = DIRECTION ( 'NONE',  ( 0.0000000000000000000, 0.0000000000000000000, -1.000000000000000000 ) ) ;
#648 = DIRECTION ( 'NONE',  ( 0.0000000000000000000, -1.000000000000000000, 0.0000000000000000000 ) ) ;
#649 = PRESENTATION_LAYER_ASSIGNMENT (  '', '', ( #645 ) ) ;
#650 =( NAMED_UNIT ( * ) SI_UNIT ( $, .STERADIAN. ) SOLID_ANGLE_UNIT ( ) );
#651 = CIRCLE ( 'NONE', #1075, 0.3149606299212598381 ) ;
#652 = CARTESIAN_POINT ( 'NONE',  ( 0.6302045854340952991, 0.1948828173099276251, -1.260409170868199480 ) ) ;
#653 = EDGE_CURVE ( 'NONE', #2146, #2173, #1767, .T. ) ;
#654 = CARTESIAN_POINT ( 'NONE',  ( 0.0000000000000000000, 0.04724409448818890633, 0.0000000000000000000 ) ) ;
#655 = FILL_AREA_STYLE ('',( #2476 ) ) ;
#656 = CARTESIAN_POINT ( 'NONE',  ( 0.0000000000000000000, 0.06692913385826765316, 0.0000000000000000000 ) ) ;
#657 = CARTESIAN_POINT ( 'NONE',  ( -0.4770518273094471184, 0.1800974114635978118, 9.686842176845329310E-15 ) ) ;
#658 = ORIENTED_EDGE ( 'NONE', *, *, #565, .T. ) ;
#659 = CARTESIAN_POINT ( 'NONE',  ( 0.0000000000000000000, 0.06692913385826765316, 0.0000000000000000000 ) ) ;
#660 = CARTESIAN_POINT ( 'NONE',  ( -0.2015121395937453652, 0.2191190094240817732, -0.4030242791874862340 ) ) ;
#661 = UNCERTAINTY_MEASURE_WITH_UNIT (LENGTH_MEASURE( 1.000000000000000082E-05 ), #1279, 'distance_accuracy_value', 'NONE');
#662 = DIRECTION ( 'NONE',  ( 0.0000000000000000000, -1.000000000000000000, 0.0000000000000000000 ) ) ;
#663 = CARTESIAN_POINT ( 'NONE',  ( 0.3970226135135844214, 0.2179467151214115883, 0.0000000000000000000 ) ) ;
#664 = CARTESIAN_POINT ( 'NONE',  ( 0.2835429222470909338, 0.1759884926702385832, 0.5670858444941908605 ) ) ;
#665 = DIRECTION ( 'NONE',  ( 0.0000000000000000000, 1.000000000000000000, 0.0000000000000000000 ) ) ;
#666 = DIRECTION ( 'NONE',  ( 0.0000000000000000000, 0.0000000000000000000, -1.000000000000000000 ) ) ;
#667 = CARTESIAN_POINT ( 'NONE',  ( 0.2017563611368419219, 0.04724409448818891327, 0.4132259898903441475 ) ) ;
#668 = EDGE_CURVE ( 'NONE', #945, #1282, #147, .T. ) ;
#669 = CARTESIAN_POINT ( 'NONE',  ( 0.2086461249163694687, 0.02362204724409368989, 6.338582677165354617 ) ) ;
#670 = DIRECTION ( 'NONE',  ( 0.0000000000000000000, 1.000000000000000000, 0.0000000000000000000 ) ) ;
#671 = CARTESIAN_POINT ( 'NONE',  ( -0.5176969074963324591, 0.1726140483704642625, 1.051216650115650837E-14 ) ) ;
#672 = ORIENTED_EDGE ( 'NONE', *, *, #247, .F. ) ;
#673 = SURFACE_STYLE_USAGE ( .BOTH. , #253 ) ;
#674 = CARTESIAN_POINT ( 'NONE',  ( -0.003151074920650226863, 0.1769517321540278465, -3.956792978886220876E-17 ) ) ;
#675 = DIMENSIONAL_EXPONENTS ( 1.000000000000000000, 0.0000000000000000000, 0.0000000000000000000, 0.0000000000000000000, 0.0000000000000000000, 0.0000000000000000000, 0.0000000000000000000 ) ;
#676 = CARTESIAN_POINT ( 'NONE',  ( 0.6245322372807146083, 0.1919565535483955254, 0.0000000000000000000 ) ) ;
#677 = CARTESIAN_POINT ( 'NONE',  ( 0.3575423883091309873, 0.2083538137197429863, 8.757262828045506848E-17 ) ) ;
#678 = FACE_OUTER_BOUND ( 'NONE', #54, .T. ) ;
#679 = FILL_AREA_STYLE ('',( #1558 ) ) ;
#680 = MECHANICAL_DESIGN_GEOMETRIC_PRESENTATION_REPRESENTATION (  '', ( #2564 ), #1379 ) ;
#681 = FILL_AREA_STYLE_COLOUR ( '', #2430 ) ;
#682 = AXIS2_PLACEMENT_3D ( 'NONE', #2782, #2579, #101 ) ;
#683 = LENGTH_MEASURE_WITH_UNIT ( LENGTH_MEASURE( 0.02539999999999999897 ), #1532 );
#684 = PRESENTATION_STYLE_ASSIGNMENT (( #1817 ) ) ;
#685 = CARTESIAN_POINT ( 'NONE',  ( 0.0000000000000000000, 0.0000000000000000000, 0.0000000000000000000 ) ) ;
#686 = CIRCLE ( 'NONE', #2092, 0.3149606299212598381 ) ;
#687 = CARTESIAN_POINT ( 'NONE',  ( -0.4935253958794500462, 0.1736395245305357993, -0.9870507917588706714 ) ) ;
#688 = ADVANCED_FACE ( 'NONE', ( #127 ), #1685, .T. ) ;
#689 = VERTEX_POINT ( 'NONE', #1384 ) ;
#690 = CARTESIAN_POINT ( 'NONE',  ( 0.2286745406824147453, 0.06692913385826765316, 0.2443269907708409683 ) ) ;
#691 = CIRCLE ( 'NONE', #1866, 0.05889528122892669776 ) ;
#692 = ADVANCED_FACE ( 'NONE', ( #2677 ), #2023, .T. ) ;
#693 = VECTOR ( 'NONE', #30, 39.37007874015748143 ) ;
#694 = VECTOR ( 'NONE', #1105, 39.37007874015748854 ) ;
#695 = UNCERTAINTY_MEASURE_WITH_UNIT (LENGTH_MEASURE( 1.000000000000000082E-05 ), #416, 'distance_accuracy_value', 'NONE');
#696 = CARTESIAN_POINT ( 'NONE',  ( 0.5774765688416648723, 0.2002514002363757206, 0.0000000000000000000 ) ) ;
#697 = CARTESIAN_POINT ( 'NONE',  ( -0.2986215340048780087, 0.1780875068731720967, 0.5972430680097418065 ) ) ;
#698 = DIRECTION ( 'NONE',  ( -1.000000000000000000, 0.0000000000000000000, 0.0000000000000000000 ) ) ;
#699 = COLOUR_RGB ( '',1.000000000000000000, 0.0000000000000000000, 0.0000000000000000000 ) ;
#700 = DIMENSIONAL_EXPONENTS ( 1.000000000000000000, 0.0000000000000000000, 0.0000000000000000000, 0.0000000000000000000, 0.0000000000000000000, 0.0000000000000000000, 0.0000000000000000000 ) ;
#701 = AXIS2_PLACEMENT_3D ( 'NONE', #505, #1607, #1590 ) ;
#702 = DIRECTION ( 'NONE',  ( 0.0000000000000000000, -1.000000000000000000, 0.0000000000000000000 ) ) ;
#703 =( NAMED_UNIT ( * ) PLANE_ANGLE_UNIT ( ) SI_UNIT ( $, .RADIAN. ) );
#704 = FILL_AREA_STYLE ('',( #2241 ) ) ;
#705 = LINE ( 'NONE', #2529, #543 ) ;
#706 = FILL_AREA_STYLE ('',( #249 ) ) ;
#707 = EDGE_LOOP ( 'NONE', ( #959, #642, #2814, #523 ) ) ;
#708 = DIRECTION ( 'NONE',  ( 1.000000000000000000, 0.0000000000000000000, 0.0000000000000000000 ) ) ;
#709 = EDGE_LOOP ( 'NONE', ( #1147, #1758, #840, #1177 ) ) ;
#710 = EDGE_CURVE ( 'NONE', #737, #2284, #76, .T. ) ;
#711 = DIRECTION ( 'NONE',  ( 0.0000000000000000000, 0.0000000000000000000, 1.000000000000000000 ) ) ;
#712 = CARTESIAN_POINT ( 'NONE',  ( 0.4968772472354672787, 0.1726491269270444828, 0.0000000000000000000 ) ) ;
#713 = CARTESIAN_POINT ( 'NONE',  ( -0.3203668902309939059, 0.1855226886560549238, -5.018735398735552228E-15 ) ) ;
#714 = LINE ( 'NONE', #728, #1957 ) ;
#715 = PLANE ( 'NONE',  #2850 ) ;
#716 = SURFACE_STYLE_FILL_AREA ( #1002 ) ;
#717 = LENGTH_MEASURE_WITH_UNIT ( LENGTH_MEASURE( 0.02539999999999999897 ), #1123 );
#718 = ORIENTED_EDGE ( 'NONE', *, *, #2528, .T. ) ;
#719 = FILL_AREA_STYLE ('',( #2300 ) ) ;
#720 = DIMENSIONAL_EXPONENTS ( 1.000000000000000000, 0.0000000000000000000, 0.0000000000000000000, 0.0000000000000000000, 0.0000000000000000000, 0.0000000000000000000, 0.0000000000000000000 ) ;
#721 = ORIENTED_EDGE ( 'NONE', *, *, #42, .F. ) ;
#722 = CARTESIAN_POINT ( 'NONE',  ( 0.03171989902676156797, 0.1701238011403935768, 0.0000000000000000000 ) ) ;
#723 = VERTEX_POINT ( 'NONE', #279 ) ;
#724 = CARTESIAN_POINT ( 'NONE',  ( -0.3681861936811640645, 0.2251810377203327940, 0.7363723873623141403 ) ) ;
#725 = CARTESIAN_POINT ( 'NONE',  ( -0.3828783613019213217, 0.2169911204086175105, -5.998014288837114729E-15 ) ) ;
#726 = CARTESIAN_POINT ( 'NONE',  ( 0.2585331613444343257, 0.1737706638455954189, 0.0000000000000000000 ) ) ;
#727 = EDGE_CURVE ( 'NONE', #2287, #2628, #223, .T. ) ;
#728 = CARTESIAN_POINT ( 'NONE',  ( -0.1377952755905511861, 0.04724409448818890633, 0.4703900695525311537 ) ) ;
#729 = PLANE ( 'NONE',  #2483 ) ;
#730 = CARTESIAN_POINT ( 'NONE',  ( 0.07547182874134635011, 0.1791388495331930342, 0.0000000000000000000 ) ) ;
#731 = EDGE_CURVE ( 'NONE', #2139, #558, #1573, .T. ) ;
#732 = CIRCLE ( 'NONE', #440, 0.4901574803149607029 ) ;
#733 = DIRECTION ( 'NONE',  ( 0.0000000000000000000, 0.0000000000000000000, 1.000000000000000000 ) ) ;
#734 = CARTESIAN_POINT ( 'NONE',  ( 0.0000000000000000000, 0.1730616638885684178, 0.0000000000000000000 ) ) ;
#735 = CLOSED_SHELL ( 'NONE', ( #2286, #1712, #688, #203, #1385, #2167, #1645 ) ) ;
#736 = ORIENTED_EDGE ( 'NONE', *, *, #431, .T. ) ;
#737 = VERTEX_POINT ( 'NONE', #667 ) ;
#738 = AXIS2_PLACEMENT_3D ( 'NONE', #2364, #2591, #580 ) ;
#739 = CARTESIAN_POINT ( 'NONE',  ( 0.1377952755905511861, 0.04724409448818890633, 0.4703900695525311537 ) ) ;
#740 = ORIENTED_EDGE ( 'NONE', *, *, #1660, .F. ) ;
#741 = CARTESIAN_POINT ( 'NONE',  ( -0.6498533826253535262, 0.1792173173961308374, -8.160184592332264075E-15 ) ) ;
#742 = FILL_AREA_STYLE_COLOUR ( '', #2805 ) ;
#743 = CARTESIAN_POINT ( 'NONE',  ( 0.4770518273094471184, 0.1800974114635978118, 1.168439986683817748E-16 ) ) ;
#744 =( CONVERSION_BASED_UNIT ( 'INCH', #1016 ) LENGTH_UNIT ( ) NAMED_UNIT ( #2636 ) );
#745 = AXIS2_PLACEMENT_3D ( 'NONE', #2302, #286, #1705 ) ;
#746 = CARTESIAN_POINT ( 'NONE',  ( -0.1248730613234729087, 0.2197697315699903842, -1.529253948495222485E-17 ) ) ;
#747 = CARTESIAN_POINT ( 'NONE',  ( 0.01654471445617295214, 0.1708802737961489515, -0.03308942891234657735 ) ) ;
#748 = CARTESIAN_POINT ( 'NONE',  ( -0.07547182874134635011, 0.1791388495331930342, -1.182310501058319802E-15 ) ) ;
#749 = PRESENTATION_LAYER_ASSIGNMENT (  '', '', ( #1394 ) ) ;
#750 = APPLICATION_CONTEXT ( 'automotive_design' ) ;
#751 = CARTESIAN_POINT ( 'NONE',  ( -0.1812694662921827127, 0.2109797255334494304, -2.219910716778705571E-17 ) ) ;
#752 = EDGE_CURVE ( 'NONE', #1178, #616, #691, .T. ) ;
#753 = DIRECTION ( 'NONE',  ( -1.000000000000000000, 0.0000000000000000000, 0.0000000000000000000 ) ) ;
#754 = COLOUR_RGB ( '',0.3333333333333333148, 0.3333333333333333148, 0.3333333333333333148 ) ;
#755 = EDGE_LOOP ( 'NONE', ( #845, #800, #1608, #2869 ) ) ;
#756 = ORIENTED_EDGE ( 'NONE', *, *, #2722, .F. ) ;
#757 = CYLINDRICAL_SURFACE ( 'NONE', #682, 0.006889763779527552021 ) ;
#758 = ORIENTED_EDGE ( 'NONE', *, *, #1032, .F. ) ;
#759 = CARTESIAN_POINT ( 'NONE',  ( -0.07066818080894519960, 0.1740677082108598173, 0.1413363616178877347 ) ) ;
#760 = CARTESIAN_POINT ( 'NONE',  ( 0.5577006046711261433, 0.1940278485340355408, 1.115401209342270272 ) ) ;
#761 = CARTESIAN_POINT ( 'NONE',  ( 0.6498533826253535262, 0.1792173173961308374, 0.0000000000000000000 ) ) ;
#762 = CARTESIAN_POINT ( 'NONE',  ( -0.07066818080894340937, 0.1740677082108597895, -8.654356142923896596E-18 ) ) ;
#763 = SURFACE_STYLE_USAGE ( .BOTH. , #1667 ) ;
#764 = DIRECTION ( 'NONE',  ( 0.0000000000000000000, 0.0000000000000000000, 1.000000000000000000 ) ) ;
#765 = CARTESIAN_POINT ( 'NONE',  ( 0.6473990711985351254, 0.1761389434064650761, 0.0000000000000000000 ) ) ;
#766 = ADVANCED_FACE ( 'NONE', ( #1332 ), #1913, .F. ) ;
#767 = EDGE_LOOP ( 'NONE', ( #2001, #2480 ) ) ;
#768 = FILL_AREA_STYLE ('',( #112 ) ) ;
#769 = ORIENTED_EDGE ( 'NONE', *, *, #2088, .T. ) ;
#770 = EDGE_LOOP ( 'NONE', ( #1308, #1519 ) ) ;
#771 = CARTESIAN_POINT ( 'NONE',  ( 0.2585331613444343257, 0.1737706638455954189, 6.332236170278137735E-17 ) ) ;
#772 = DIRECTION ( 'NONE',  ( 0.0000000000000000000, 0.0000000000000000000, -1.000000000000000000 ) ) ;
#773 = DIRECTION ( 'NONE',  ( -0.0000000000000000000, -1.000000000000000000, -0.0000000000000000000 ) ) ;
#774 = CARTESIAN_POINT ( 'NONE',  ( 0.09478821437510882852, 0.1899005548132129406, 0.1895764287502207102 ) ) ;
#775 = CARTESIAN_POINT ( 'NONE',  ( -0.2017563611368419219, 0.02362204724409442194, 0.3543307086614174151 ) ) ;
#776 = CARTESIAN_POINT ( 'NONE',  ( -0.4251017397069483117, 0.2122593393298574382, -5.205994848440855251E-17 ) ) ;
#777 = DIRECTION ( 'NONE',  ( 0.0000000000000000000, -1.000000000000000000, 0.0000000000000000000 ) ) ;
#778 = VERTEX_POINT ( 'NONE', #620 ) ;
#779 = AXIS2_PLACEMENT_3D ( 'NONE', #2170, #2574, #1020 ) ;
#780 = ORIENTED_EDGE ( 'NONE', *, *, #2216, .T. ) ;
#781 = CARTESIAN_POINT ( 'NONE',  ( 0.2019163838078440187, 0.2051073757060070668, -0.4038327676156961976 ) ) ;
#782 = CARTESIAN_POINT ( 'NONE',  ( 0.0000000000000000000, 0.1299212598425196763, -0.7086614173228348301 ) ) ;
#783 = ORIENTED_EDGE ( 'NONE', *, *, #1233, .T. ) ;
#784 = CIRCLE ( 'NONE', #2425, 0.02362204724409448092 ) ;
#785 = CARTESIAN_POINT ( 'NONE',  ( -0.4435557102729356660, 0.2202319924114491956, 0.8871114205458542346 ) ) ;
#786 = EDGE_CURVE ( 'NONE', #1037, #53, #2622, .T. ) ;
#787 = STYLED_ITEM ( 'NONE', ( #429 ), #471 ) ;
#788 = SURFACE_STYLE_USAGE ( .BOTH. , #2803 ) ;
#789 = AXIS2_PLACEMENT_3D ( 'NONE', #1503, #1771, #2041 ) ;
#790 = LENGTH_MEASURE_WITH_UNIT ( LENGTH_MEASURE( 0.02539999999999999897 ), #2136 );
#791 = CARTESIAN_POINT ( 'NONE',  ( -0.3460533941535766655, 0.2002578262228215944, -4.237931814842550548E-17 ) ) ;
#792 = SURFACE_STYLE_USAGE ( .BOTH. , #2837 ) ;
#793 = FACE_OUTER_BOUND ( 'NONE', #2819, .T. ) ;
#794 = FACE_OUTER_BOUND ( 'NONE', #770, .T. ) ;
#795 = LENGTH_MEASURE_WITH_UNIT ( LENGTH_MEASURE( 0.02539999999999999897 ), #131 );
#796 = ORIENTED_EDGE ( 'NONE', *, *, #324, .T. ) ;
#797 = SURFACE_STYLE_FILL_AREA ( #2816 ) ;
#798 = CARTESIAN_POINT ( 'NONE',  ( -0.3270562637535433526, 0.1890627244617311686, -0.6541125275070671652 ) ) ;
#799 = CARTESIAN_POINT ( 'NONE',  ( 0.1188779279662752625, 0.2044455008525815354, 0.0000000000000000000 ) ) ;
#800 = ORIENTED_EDGE ( 'NONE', *, *, #1660, .T. ) ;
#801 = CIRCLE ( 'NONE', #701, 0.05889528122892669776 ) ;
#802 = SURFACE_SIDE_STYLE ('',( #1283 ) ) ;
#803 = DIMENSIONAL_EXPONENTS ( 1.000000000000000000, 0.0000000000000000000, 0.0000000000000000000, 0.0000000000000000000, 0.0000000000000000000, 0.0000000000000000000, 0.0000000000000000000 ) ;
#804 = CARTESIAN_POINT ( 'NONE',  ( 0.4968772472354672787, 0.1726491269270444828, 1.216998260792122226E-16 ) ) ;
#805 = CARTESIAN_POINT ( 'NONE',  ( 0.0000000000000000000, 0.0000000000000000000, 0.0000000000000000000 ) ) ;
#806 = EDGE_CURVE ( 'NONE', #1846, #2269, #1914, .T. ) ;
#807 = CARTESIAN_POINT ( 'NONE',  ( -0.03171989902676256023, 0.1701238011403936046, 0.06343979805352362167 ) ) ;
#808 = DIRECTION ( 'NONE',  ( 0.0000000000000000000, 0.0000000000000000000, 1.000000000000000000 ) ) ;
#809 = DIRECTION ( 'NONE',  ( -0.0000000000000000000, -1.000000000000000000, -0.0000000000000000000 ) ) ;
#810 = DIRECTION ( 'NONE',  ( -0.0000000000000000000, -1.000000000000000000, -0.0000000000000000000 ) ) ;
#811 =( NAMED_UNIT ( * ) SI_UNIT ( $, .STERADIAN. ) SOLID_ANGLE_UNIT ( ) );
#812 = ORIENTED_EDGE ( 'NONE', *, *, #415, .T. ) ;
#813 = DIRECTION ( 'NONE',  ( 0.0000000000000000000, -1.241126171134722389E-16, 1.000000000000000000 ) ) ;
#814 = FILL_AREA_STYLE ('',( #1238 ) ) ;
#815 = CARTESIAN_POINT ( 'NONE',  ( 0.1812694662921827127, 0.2109797255334494304, -0.3625389325843727528 ) ) ;
#816 = EDGE_LOOP ( 'NONE', ( #2683, #492, #343, #2164 ) ) ;
#817 = PLANE ( 'NONE',  #503 ) ;
#818 = CARTESIAN_POINT ( 'NONE',  ( -0.6245322372807341482, 0.1919565535483954699, 1.249064474561438542 ) ) ;
#819 = FILL_AREA_STYLE_COLOUR ( '', #2861 ) ;
#820 = CARTESIAN_POINT ( 'NONE',  ( -0.2340157361994240626, 0.1884504031137650137, -3.665993880573577144E-15 ) ) ;
#821 = DIMENSIONAL_EXPONENTS ( 1.000000000000000000, 0.0000000000000000000, 0.0000000000000000000, 0.0000000000000000000, 0.0000000000000000000, 0.0000000000000000000, 0.0000000000000000000 ) ;
#822 = DIRECTION ( 'NONE',  ( -4.386985935823535642E-16, 0.0000000000000000000, 1.000000000000000000 ) ) ;
#823 = EDGE_CURVE ( 'NONE', #558, #53, #1061, .T. ) ;
#824 = CARTESIAN_POINT ( 'NONE',  ( 0.0000000000000000000, 0.09055118110236215490, 0.0000000000000000000 ) ) ;
#825 = DIRECTION ( 'NONE',  ( 0.0000000000000000000, 0.0000000000000000000, -1.000000000000000000 ) ) ;
#826 = ORIENTED_EDGE ( 'NONE', *, *, #1458, .T. ) ;
#827 = LENGTH_MEASURE_WITH_UNIT ( LENGTH_MEASURE( 0.02539999999999999897 ), #1278 );
#828 = CARTESIAN_POINT ( 'NONE',  ( 0.3828783613019213217, 0.2169911204086175105, 0.0000000000000000000 ) ) ;
#829 = ORIENTED_EDGE ( 'NONE', *, *, #1030, .T. ) ;
#830 = CARTESIAN_POINT ( 'NONE',  ( 0.1188779279662753180, 0.2044455008525815076, -0.2377558559325553544 ) ) ;
#831 = FACE_OUTER_BOUND ( 'NONE', #2318, .T. ) ;
#832 = CARTESIAN_POINT ( 'NONE',  ( 0.6372522310881898466, 0.1842287680062450195, 1.560817810103320898E-16 ) ) ;
#833 = VECTOR ( 'NONE', #1905, 39.37007874015748143 ) ;
#834 = AXIS2_PLACEMENT_3D ( 'NONE', #1284, #2883, #871 ) ;
#835 = CARTESIAN_POINT ( 'NONE',  ( -0.1948665973573143473, 0.02362204724409368989, 6.338582677165354617 ) ) ;
#836 = AXIS2_PLACEMENT_3D ( 'NONE', #105, #1900, #999 ) ;
#837 = DIRECTION ( 'NONE',  ( 0.0000000000000000000, 1.000000000000000000, 0.0000000000000000000 ) ) ;
#838 = CARTESIAN_POINT ( 'NONE',  ( 0.0000000000000000000, 0.1299212598425196763, 0.0000000000000000000 ) ) ;
#839 = EDGE_CURVE ( 'NONE', #2783, #1450, #387, .T. ) ;
#840 = ORIENTED_EDGE ( 'NONE', *, *, #602, .F. ) ;
#841 = STYLED_ITEM ( 'NONE', ( #427 ), #1374 ) ;
#842 = DIRECTION ( 'NONE',  ( 0.0000000000000000000, 0.0000000000000000000, -1.000000000000000000 ) ) ;
#843 = CARTESIAN_POINT ( 'NONE',  ( -0.2986215340048686828, 0.1780875068731720967, 6.063701059122492536E-15 ) ) ;
#844 = MECHANICAL_DESIGN_GEOMETRIC_PRESENTATION_REPRESENTATION (  '', ( #2767 ), #1443 ) ;
#845 = ORIENTED_EDGE ( 'NONE', *, *, #506, .F. ) ;
#846 = STYLED_ITEM ( 'NONE', ( #2316 ), #1712 ) ;
#847 = AXIS2_PLACEMENT_3D ( 'NONE', #2191, #142, #1497 ) ;
#848 = ORIENTED_EDGE ( 'NONE', *, *, #886, .T. ) ;
#849 = CARTESIAN_POINT ( 'NONE',  ( -0.5976332166263950141, 0.2002440315600765852, -7.318896058056514337E-17 ) ) ;
#850 = CARTESIAN_POINT ( 'NONE',  ( 0.0000000000000000000, 0.04724409448818890633, 0.3346456692913385433 ) ) ;
#851 = DIRECTION ( 'NONE',  ( 0.0000000000000000000, 1.000000000000000000, 0.0000000000000000000 ) ) ;
#852 = CARTESIAN_POINT ( 'NONE',  ( -0.6044764771306644358, 0.1987671400432625413, -7.402701828779364937E-17 ) ) ;
#853 = ORIENTED_EDGE ( 'NONE', *, *, #634, .F. ) ;
#854 = DIRECTION ( 'NONE',  ( 0.0000000000000000000, 1.000000000000000000, 0.0000000000000000000 ) ) ;
#855 = DIRECTION ( 'NONE',  ( 0.0000000000000000000, -1.241126171134722389E-16, 1.000000000000000000 ) ) ;
#856 = CARTESIAN_POINT ( 'NONE',  ( 0.5444453428435598319, 0.1849614402069369445, -1.088890685687142090 ) ) ;
#857 = EDGE_CURVE ( 'NONE', #400, #1241, #593, .T. ) ;
#858 = ORIENTED_EDGE ( 'NONE', *, *, #857, .T. ) ;
#859 = DIMENSIONAL_EXPONENTS ( 1.000000000000000000, 0.0000000000000000000, 0.0000000000000000000, 0.0000000000000000000, 0.0000000000000000000, 0.0000000000000000000, 0.0000000000000000000 ) ;
#860 = CARTESIAN_POINT ( 'NONE',  ( 0.5840921404569261455, 0.2009975671698491229, 1.430613140435396656E-16 ) ) ;
#861 = EDGE_CURVE ( 'NONE', #1976, #977, #144, .T. ) ;
#862 = CARTESIAN_POINT ( 'NONE',  ( -0.2019163838078440187, 0.2051073757060070113, -2.472762531256845461E-17 ) ) ;
#863 = CARTESIAN_POINT ( 'NONE',  ( 0.2340157361994240071, 0.1884504031137649860, 0.4680314723988553416 ) ) ;
#864 = CARTESIAN_POINT ( 'NONE',  ( 0.3681861936811547942, 0.2251810377203327940, 0.0000000000000000000 ) ) ;
#865 = ORIENTED_EDGE ( 'NONE', *, *, #2343, .T. ) ;
#866 = DIRECTION ( 'NONE',  ( 0.0000000000000000000, 0.0000000000000000000, -1.000000000000000000 ) ) ;
#867 = CARTESIAN_POINT ( 'NONE',  ( -0.4251017397069483117, 0.2122593393298574382, 8.631962453363494937E-15 ) ) ;
#868 =( GEOMETRIC_REPRESENTATION_CONTEXT ( 3 ) GLOBAL_UNCERTAINTY_ASSIGNED_CONTEXT ( ( #1931 ) ) GLOBAL_UNIT_ASSIGNED_CONTEXT ( ( #744, #1899, #526 ) ) REPRESENTATION_CONTEXT ( 'NONE', 'WORKASPACE' ) );
#869 = EDGE_LOOP ( 'NONE', ( #385, #1848 ) ) ;
#870 = EDGE_CURVE ( 'NONE', #1805, #1930, #2236, .T. ) ;
#871 = DIRECTION ( 'NONE',  ( 1.000000000000000000, 0.0000000000000000000, 0.0000000000000000000 ) ) ;
#872 = AXIS2_PLACEMENT_3D ( 'NONE', #2137, #1047, #1221 ) ;
#873 = ADVANCED_FACE ( 'NONE', ( #1522 ), #199, .T. ) ;
#874 = CARTESIAN_POINT ( 'NONE',  ( -0.3270562637535300299, 0.1890627244617311964, -4.005284065468532158E-17 ) ) ;
#875 = CARTESIAN_POINT ( 'NONE',  ( 0.2759397049008950886, 0.1758680113019952529, 0.0000000000000000000 ) ) ;
#876 = CARTESIAN_POINT ( 'NONE',  ( -0.1951982895846137989, 0.2075055388899665898, 0.3903965791692184384 ) ) ;
#877 = CARTESIAN_POINT ( 'NONE',  ( 0.2017563611368419219, 0.02362204724409367948, 6.338582677165354617 ) ) ;
#878 = AXIS2_PLACEMENT_3D ( 'NONE', #824, #810, #1488 ) ;
#879 = CARTESIAN_POINT ( 'NONE',  ( -0.4435557102729243972, 0.2202319924114491956, 3.097332970310453882E-15 ) ) ;
#880 = CARTESIAN_POINT ( 'NONE',  ( -0.5037251400172430005, 0.1715256334014943762, -1.007450280034455359 ) ) ;
#881 =( GEOMETRIC_REPRESENTATION_CONTEXT ( 3 ) GLOBAL_UNCERTAINTY_ASSIGNED_CONTEXT ( ( #982 ) ) GLOBAL_UNIT_ASSIGNED_CONTEXT ( ( #472, #703, #235 ) ) REPRESENTATION_CONTEXT ( 'NONE', 'WORKASPACE' ) );
#882 = CARTESIAN_POINT ( 'NONE',  ( -0.2618110236220472231, 0.04724409448818890633, 0.4143782612766829243 ) ) ;
#883 = CARTESIAN_POINT ( 'NONE',  ( 7.955382750366665709E-17, 0.1299212598425196763, -0.6496062992125984925 ) ) ;
#884 = CARTESIAN_POINT ( 'NONE',  ( -0.3460533941535766655, 0.2002578262228215944, -5.421129561294220067E-15 ) ) ;
#885 = CIRCLE ( 'NONE', #2245, 0.6498533826253535262 ) ;
#886 = EDGE_CURVE ( 'NONE', #340, #2628, #2621, .T. ) ;
#887 = CIRCLE ( 'NONE', #227, 0.3346456692913385433 ) ;
#888 = CARTESIAN_POINT ( 'NONE',  ( 0.0000000000000000000, 0.0000000000000000000, -0.6496062992125983815 ) ) ;
#889 = CARTESIAN_POINT ( 'NONE',  ( 0.002544939712856287423, 0.1730616638885684178, 0.0000000000000000000 ) ) ;
#890 = DIRECTION ( 'NONE',  ( 0.0000000000000000000, -1.000000000000000000, 0.0000000000000000000 ) ) ;
#891 = CARTESIAN_POINT ( 'NONE',  ( -0.5577006046711491249, 0.1940278485340355130, -1.115401209342264277 ) ) ;
#892 = EDGE_LOOP ( 'NONE', ( #1646, #38, #1729, #1880 ) ) ;
#893 = CARTESIAN_POINT ( 'NONE',  ( -0.01654471445617295561, 0.1708802737961489238, -2.026143160155915080E-18 ) ) ;
#894 = CARTESIAN_POINT ( 'NONE',  ( -0.02664350457559374469, 0.1732912337363215760, 1.860505980541344079E-16 ) ) ;
#895 = UNCERTAINTY_MEASURE_WITH_UNIT (LENGTH_MEASURE( 1.000000000000000082E-05 ), #1217, 'distance_accuracy_value', 'NONE');
#896 = CARTESIAN_POINT ( 'NONE',  ( 0.4770518273094471184, 0.1800974114635978118, 0.0000000000000000000 ) ) ;
#897 = CARTESIAN_POINT ( 'NONE',  ( 0.2611919843673859432, 0.1779030232833283820, 6.397358552369277168E-17 ) ) ;
#898 = DIRECTION ( 'NONE',  ( 0.0000000000000000000, 1.000000000000000000, 0.0000000000000000000 ) ) ;
#899 = CARTESIAN_POINT ( 'NONE',  ( -0.2585331613444379339, 0.1737706638455954189, -0.5170663226888704278 ) ) ;
#900 = EDGE_CURVE ( 'NONE', #1299, #362, #1246, .T. ) ;
#901 = CARTESIAN_POINT ( 'NONE',  ( -0.6473990711985351254, 0.1761389434064651038, -7.928352003142557898E-17 ) ) ;
#902 = EDGE_CURVE ( 'NONE', #494, #445, #546, .T. ) ;
#903 = CARTESIAN_POINT ( 'NONE',  ( 0.5176969074963324591, 0.1726140483704642625, 0.0000000000000000000 ) ) ;
#904 = ORIENTED_EDGE ( 'NONE', *, *, #839, .F. ) ;
#905 = CARTESIAN_POINT ( 'NONE',  ( -0.03171989902676156797, 0.1701238011403935768, -3.884567281240080070E-18 ) ) ;
#906 = CARTESIAN_POINT ( 'NONE',  ( 3.487803044410117791E-19, 0.1730616638885684178, -0.002544939712856287423 ) ) ;
#907 = CARTESIAN_POINT ( 'NONE',  ( 0.4181008279649997550, 0.2143133890609769665, 0.0000000000000000000 ) ) ;
#908 = CARTESIAN_POINT ( 'NONE',  ( -0.3270562637535300299, 0.1890627244617311964, -5.123528361793344466E-15 ) ) ;
#909 = AXIS2_PLACEMENT_3D ( 'NONE', #1063, #2703, #1129 ) ;
#910 = CIRCLE ( 'NONE', #1991, 0.006889763779527552021 ) ;
#911 = CARTESIAN_POINT ( 'NONE',  ( 7.955382750366663244E-17, 0.1692913385826770312, -0.6496062992125983815 ) ) ;
#912 = STYLED_ITEM ( 'NONE', ( #1850 ), #412 ) ;
#913 = EDGE_CURVE ( 'NONE', #981, #90, #1339, .T. ) ;
#914 = EDGE_LOOP ( 'NONE', ( #1405, #2638, #2749, #2858 ) ) ;
#915 = DIMENSIONAL_EXPONENTS ( 1.000000000000000000, 0.0000000000000000000, 0.0000000000000000000, 0.0000000000000000000, 0.0000000000000000000, 0.0000000000000000000, 0.0000000000000000000 ) ;
#916 = AXIS2_PLACEMENT_3D ( 'NONE', #185, #2389, #364 ) ;
#917 = DIRECTION ( 'NONE',  ( 0.0000000000000000000, 1.000000000000000000, 0.0000000000000000000 ) ) ;
#918 = FACE_OUTER_BOUND ( 'NONE', #767, .T. ) ;
#919 = CARTESIAN_POINT ( 'NONE',  ( -0.003151074920650270665, 0.1769517321540278465, -0.006302149841300478013 ) ) ;
#920 = AXIS2_PLACEMENT_3D ( 'NONE', #2201, #166, #1237 ) ;
#921 = DIRECTION ( 'NONE',  ( 0.0000000000000000000, 0.0000000000000000000, 1.000000000000000000 ) ) ;
#922 = CARTESIAN_POINT ( 'NONE',  ( 0.6473990711985351254, 0.1761389434064651038, 0.0000000000000000000 ) ) ;
#923 = PRESENTATION_LAYER_ASSIGNMENT (  '', '', ( #2243 ) ) ;
#924 = DIRECTION ( 'NONE',  ( 0.0000000000000000000, 0.0000000000000000000, -1.000000000000000000 ) ) ;
#925 = DIRECTION ( 'NONE',  ( -0.0000000000000000000, -1.000000000000000000, -0.0000000000000000000 ) ) ;
#926 = VECTOR ( 'NONE', #434, 39.37007874015748143 ) ;
#927 = COLOUR_RGB ( '',0.3333333333333333148, 0.3333333333333333148, 0.3333333333333333148 ) ;
#928 = DIRECTION ( 'NONE',  ( -4.386985935823535642E-16, 0.0000000000000000000, 1.000000000000000000 ) ) ;
#929 = FILL_AREA_STYLE_COLOUR ( '', #1433 ) ;
#930 = CARTESIAN_POINT ( 'NONE',  ( -0.1377952755905511029, 0.04724409448818890633, 0.5998883398837379088 ) ) ;
#931 = ORIENTED_EDGE ( 'NONE', *, *, #2643, .T. ) ;
#932 = ORIENTED_EDGE ( 'NONE', *, *, #500, .F. ) ;
#933 = CARTESIAN_POINT ( 'NONE',  ( 7.955382750366663244E-17, 0.2362204724409448509, 0.6496062992125983815 ) ) ;
#934 = VERTEX_POINT ( 'NONE', #2323 ) ;
#935 = FILL_AREA_STYLE_COLOUR ( '', #754 ) ;
#936 = EDGE_CURVE ( 'NONE', #1450, #445, #1724, .T. ) ;
#937 = CARTESIAN_POINT ( 'NONE',  ( -0.4386559324786539205, 0.2064779531048648586, 0.8773118649572868577 ) ) ;
#938 = CYLINDRICAL_SURFACE ( 'NONE', #633, 0.4901574803149607029 ) ;
#939 = CARTESIAN_POINT ( 'NONE',  ( -0.2015121395937424509, 0.2191190094240818009, -2.467811967428112635E-17 ) ) ;
#940 = CARTESIAN_POINT ( 'NONE',  ( 0.06133974496198479204, 0.1744149354604239421, -0.1226794899239720960 ) ) ;
#941 = FILL_AREA_STYLE_COLOUR ( '', #2151 ) ;
#942 = FILL_AREA_STYLE_COLOUR ( '', #1481 ) ;
#943 = DIRECTION ( 'NONE',  ( 0.0000000000000000000, 1.000000000000000000, 0.0000000000000000000 ) ) ;
#944 = ORIENTED_EDGE ( 'NONE', *, *, #2070, .T. ) ;
#945 = VERTEX_POINT ( 'NONE', #2308 ) ;
#946 = ORIENTED_EDGE ( 'NONE', *, *, #79, .T. ) ;
#947 = UNCERTAINTY_MEASURE_WITH_UNIT (LENGTH_MEASURE( 1.000000000000000082E-05 ), #2606, 'distance_accuracy_value', 'NONE');
#948 = CARTESIAN_POINT ( 'NONE',  ( 0.07066818080894336773, 0.1740677082108598173, 0.1413363616178885951 ) ) ;
#949 = LINE ( 'NONE', #2306, #23 ) ;
#950 = CARTESIAN_POINT ( 'NONE',  ( -0.5444453428435599429, 0.1849614402069369445, -8.529055898490409484E-15 ) ) ;
#951 = DIRECTION ( 'NONE',  ( 0.0000000000000000000, 1.000000000000000000, 0.0000000000000000000 ) ) ;
#952 = EDGE_CURVE ( 'NONE', #2550, #1036, #1665, .T. ) ;
#953 = CARTESIAN_POINT ( 'NONE',  ( 0.0000000000000000000, 0.09055118110236209938, -0.3149606299212598381 ) ) ;
#954 = DIRECTION ( 'NONE',  ( -0.0000000000000000000, -1.000000000000000000, -0.0000000000000000000 ) ) ;
#955 = MECHANICAL_DESIGN_GEOMETRIC_PRESENTATION_REPRESENTATION (  '', ( #246 ), #2087 ) ;
#956 = FACE_OUTER_BOUND ( 'NONE', #892, .T. ) ;
#957 = LINE ( 'NONE', #1621, #126 ) ;
#958 = PRESENTATION_STYLE_ASSIGNMENT (( #533 ) ) ;
#959 = ORIENTED_EDGE ( 'NONE', *, *, #2088, .F. ) ;
#960 = ORIENTED_EDGE ( 'NONE', *, *, #2446, .T. ) ;
#961 = MECHANICAL_DESIGN_GEOMETRIC_PRESENTATION_REPRESENTATION (  '', ( #1059 ), #1333 ) ;
#962 = ORIENTED_EDGE ( 'NONE', *, *, #2522, .F. ) ;
#963 = CARTESIAN_POINT ( 'NONE',  ( 0.0000000000000000000, 0.09055118110236209938, 0.0000000000000000000 ) ) ;
#964 = STYLED_ITEM ( 'NONE', ( #1801 ), #692 ) ;
#965 = CARTESIAN_POINT ( 'NONE',  ( 0.4646349288882146156, 0.1899664698011723496, 0.9292698577764438861 ) ) ;
#966 = VECTOR ( 'NONE', #2380, 39.37007874015748143 ) ;
#967 = FACE_OUTER_BOUND ( 'NONE', #571, .T. ) ;
#968 = DIRECTION ( 'NONE',  ( 0.0000000000000000000, 0.0000000000000000000, 1.000000000000000000 ) ) ;
#969 = EDGE_CURVE ( 'NONE', #70, #510, #2777, .T. ) ;
#970 = CARTESIAN_POINT ( 'NONE',  ( 0.06133974496198475040, 0.1744149354604239421, 0.1226794899239714853 ) ) ;
#971 = VECTOR ( 'NONE', #1261, 39.37007874015748143 ) ;
#972 = MECHANICAL_DESIGN_GEOMETRIC_PRESENTATION_REPRESENTATION (  '', ( #2243 ), #2392 ) ;
#973 = FILL_AREA_STYLE ('',( #941 ) ) ;
#974 = DIRECTION ( 'NONE',  ( 0.0000000000000000000, 1.000000000000000000, 0.0000000000000000000 ) ) ;
#975 = CARTESIAN_POINT ( 'NONE',  ( -0.6372522310881898466, 0.1842287680062450195, 1.293981373933544942E-14 ) ) ;
#976 = MECHANICAL_DESIGN_GEOMETRIC_PRESENTATION_REPRESENTATION (  '', ( #1398 ), #1733 ) ;
#977 = VERTEX_POINT ( 'NONE', #277 ) ;
#978 = CARTESIAN_POINT ( 'NONE',  ( -0.2017563611368419219, 0.02362204724409368989, 6.456692913385826849 ) ) ;
#979 = ORIENTED_EDGE ( 'NONE', *, *, #2385, .T. ) ;
#980 = CARTESIAN_POINT ( 'NONE',  ( -0.2017563611368419219, 0.02362204724409368989, 6.456692913385826849 ) ) ;
#981 = VERTEX_POINT ( 'NONE', #1158 ) ;
#982 = UNCERTAINTY_MEASURE_WITH_UNIT (LENGTH_MEASURE( 1.000000000000000082E-05 ), #472, 'distance_accuracy_value', 'NONE');
#983 = CARTESIAN_POINT ( 'NONE',  ( -0.3216935093855304295, 0.1853513585691051735, -4.039493351771136187E-15 ) ) ;
#984 = CARTESIAN_POINT ( 'NONE',  ( 0.5037251400172222393, 0.1715256334014943485, 1.007450280034460466 ) ) ;
#985 = CARTESIAN_POINT ( 'NONE',  ( -0.6473990711985351254, 0.1761389434064651038, -7.928352003142557898E-17 ) ) ;
#986 = CARTESIAN_POINT ( 'NONE',  ( 0.0000000000000000000, 0.04724409448818890633, 0.0000000000000000000 ) ) ;
#987 = DIRECTION ( 'NONE',  ( 0.0000000000000000000, 0.0000000000000000000, 1.000000000000000000 ) ) ;
#988 = CARTESIAN_POINT ( 'NONE',  ( 0.07547182874134633623, 0.1791388495331930342, 0.1509436574826950039 ) ) ;
#989 = CARTESIAN_POINT ( 'NONE',  ( 0.0000000000000000000, 0.1769517321540278465, 0.0000000000000000000 ) ) ;
#990 = DIRECTION ( 'NONE',  ( -0.0000000000000000000, -1.000000000000000000, -0.0000000000000000000 ) ) ;
#991 = ORIENTED_EDGE ( 'NONE', *, *, #2614, .F. ) ;
#992 = CARTESIAN_POINT ( 'NONE',  ( 0.1007669639867810329, 0.1939537854326396638, 0.0000000000000000000 ) ) ;
#993 = DIRECTION ( 'NONE',  ( 1.000000000000000000, 0.0000000000000000000, -4.386985935823535642E-16 ) ) ;
#994 = EDGE_CURVE ( 'NONE', #2068, #2287, #82, .T. ) ;
#995 = EDGE_LOOP ( 'NONE', ( #334, #2840, #1689 ) ) ;
#996 = CARTESIAN_POINT ( 'NONE',  ( -0.2215239290680116879, 0.1962846386648305075, 4.498184927577184081E-15 ) ) ;
#997 = DIRECTION ( 'NONE',  ( 1.318477066661416368E-16, 0.0000000000000000000, -1.000000000000000000 ) ) ;
#998 = VERTEX_POINT ( 'NONE', #1380 ) ;
#999 = DIRECTION ( 'NONE',  ( 0.0000000000000000000, 0.0000000000000000000, 1.000000000000000000 ) ) ;
#1000 =( NAMED_UNIT ( * ) PLANE_ANGLE_UNIT ( ) SI_UNIT ( $, .RADIAN. ) );
#1001 = AXIS2_PLACEMENT_3D ( 'NONE', #1275, #1584, #2182 ) ;
#1002 = FILL_AREA_STYLE ('',( #1640 ) ) ;
#1003 = CARTESIAN_POINT ( 'NONE',  ( -0.5244376210029487728, 0.1752257874575956775, -6.422508539137140565E-17 ) ) ;
#1004 = FILL_AREA_STYLE ('',( #108 ) ) ;
#1005 = LINE ( 'NONE', #1234, #833 ) ;
#1006 = SURFACE_STYLE_USAGE ( .BOTH. , #164 ) ;
#1007 = ORIENTED_EDGE ( 'NONE', *, *, #2894, .F. ) ;
#1008 = CARTESIAN_POINT ( 'NONE',  ( -0.2086461249163694687, 0.02362204724409368989, 6.338582677165354617 ) ) ;
#1009 = CLOSED_SHELL ( 'NONE', ( #1702, #2377, #36 ) ) ;
#1010 = CARTESIAN_POINT ( 'NONE',  ( -0.3060989644731030301, 0.1800665235920397844, -0.6121979289461874085 ) ) ;
#1011 = CARTESIAN_POINT ( 'NONE',  ( 0.1007669639867810329, 0.1939537854326396638, 0.0000000000000000000 ) ) ;
#1012 = EDGE_CURVE ( 'NONE', #1968, #1740, #309, .T. ) ;
#1013 = VERTEX_POINT ( 'NONE', #1172 ) ;
#1014 = CARTESIAN_POINT ( 'NONE',  ( 0.5037251400172224614, 0.1715256334014943485, 1.233770760744279901E-16 ) ) ;
#1015 =( GEOMETRIC_REPRESENTATION_CONTEXT ( 3 ) GLOBAL_UNCERTAINTY_ASSIGNED_CONTEXT ( ( #947 ) ) GLOBAL_UNIT_ASSIGNED_CONTEXT ( ( #2606, #1910, #2617 ) ) REPRESENTATION_CONTEXT ( 'NONE', 'WORKASPACE' ) );
#1016 = LENGTH_MEASURE_WITH_UNIT ( LENGTH_MEASURE( 0.02539999999999999897 ), #2086 );
#1017 = LENGTH_MEASURE_WITH_UNIT ( LENGTH_MEASURE( 0.02539999999999999897 ), #159 );
#1018 = DIMENSIONAL_EXPONENTS ( 1.000000000000000000, 0.0000000000000000000, 0.0000000000000000000, 0.0000000000000000000, 0.0000000000000000000, 0.0000000000000000000, 0.0000000000000000000 ) ;
#1019 = VECTOR ( 'NONE', #414, 39.37007874015748143 ) ;
#1020 = DIRECTION ( 'NONE',  ( 1.000000000000000000, 0.0000000000000000000, 0.0000000000000000000 ) ) ;
#1021 = ORIENTED_EDGE ( 'NONE', *, *, #653, .F. ) ;
#1022 = SURFACE_SIDE_STYLE ('',( #2160 ) ) ;
#1023 = ORIENTED_EDGE ( 'NONE', *, *, #2614, .T. ) ;
#1024 = SURFACE_SIDE_STYLE ('',( #134 ) ) ;
#1025 = AXIS2_PLACEMENT_3D ( 'NONE', #1791, #517, #1207 ) ;
#1026 = CARTESIAN_POINT ( 'NONE',  ( -0.3575423883091309873, 0.2083538137197429863, 7.260126654616659858E-15 ) ) ;
#1027 = ORIENTED_EDGE ( 'NONE', *, *, #969, .T. ) ;
#1028 = MECHANICAL_DESIGN_GEOMETRIC_PRESENTATION_REPRESENTATION (  '', ( #1161 ), #1256 ) ;
#1029 = CARTESIAN_POINT ( 'NONE',  ( -0.1188779279662752625, 0.2044455008525815354, 2.413892287163852017E-15 ) ) ;
#1030 = EDGE_CURVE ( 'NONE', #2115, #1036, #714, .T. ) ;
#1031 = CARTESIAN_POINT ( 'NONE',  ( 0.6044764771306644358, 0.1987671400432625413, 1.480540365755868797E-16 ) ) ;
#1032 = EDGE_CURVE ( 'NONE', #271, #1474, #1575, .T. ) ;
#1033 =( LENGTH_UNIT ( ) NAMED_UNIT ( * ) SI_UNIT ( $, .METRE. ) );
#1034 = CARTESIAN_POINT ( 'NONE',  ( -0.2215239290680116879, 0.1962846386648305075, -3.470302388861080461E-15 ) ) ;
#1035 = PRESENTATION_STYLE_ASSIGNMENT (( #2637 ) ) ;
#1036 = VERTEX_POINT ( 'NONE', #1139 ) ;
#1037 = VERTEX_POINT ( 'NONE', #2037 ) ;
#1038 =( CONVERSION_BASED_UNIT ( 'INCH', #827 ) LENGTH_UNIT ( ) NAMED_UNIT ( #1806 ) );
#1039 =( NAMED_UNIT ( * ) PLANE_ANGLE_UNIT ( ) SI_UNIT ( $, .RADIAN. ) );
#1040 = CARTESIAN_POINT ( 'NONE',  ( 0.3460533941535766655, 0.2002578262228215944, 0.0000000000000000000 ) ) ;
#1041 = ORIENTED_EDGE ( 'NONE', *, *, #247, .T. ) ;
#1042 = CARTESIAN_POINT ( 'NONE',  ( -0.5840921404569261455, 0.2009975671698491229, -9.150146256751954834E-15 ) ) ;
#1043 = DIRECTION ( 'NONE',  ( 0.0000000000000000000, 0.0000000000000000000, 1.000000000000000000 ) ) ;
#1044 = CARTESIAN_POINT ( 'NONE',  ( 0.1741205190477453368, 0.2120798739292880652, 4.264722726353927058E-17 ) ) ;
#1045 = EDGE_CURVE ( 'NONE', #67, #1924, #2073, .T. ) ;
#1046 = PRESENTATION_STYLE_ASSIGNMENT (( #1231 ) ) ;
#1047 = DIRECTION ( 'NONE',  ( 0.0000000000000000000, 1.000000000000000000, 0.0000000000000000000 ) ) ;
#1048 = FACE_OUTER_BOUND ( 'NONE', #1168, .T. ) ;
#1049 = ORIENTED_EDGE ( 'NONE', *, *, #393, .T. ) ;
#1050 = LINE ( 'NONE', #1081, #260 ) ;
#1051 = DIRECTION ( 'NONE',  ( -1.000000000000000000, 0.0000000000000000000, 0.0000000000000000000 ) ) ;
#1052 = CARTESIAN_POINT ( 'NONE',  ( 0.2759397049008953107, 0.1758680113019952251, -0.5518794098018016125 ) ) ;
#1053 = COLOUR_RGB ( '',0.2509803921568627416, 0.2509803921568627416, 0.2509803921568627416 ) ;
#1054 = ORIENTED_EDGE ( 'NONE', *, *, #1735, .F. ) ;
#1055 = LINE ( 'NONE', #2875, #459 ) ;
#1056 = CARTESIAN_POINT ( 'NONE',  ( -0.5976332166263950141, 0.2002440315600765852, -9.362275163892411318E-15 ) ) ;
#1057 = CIRCLE ( 'NONE', #2518, 0.6889763779527559029 ) ;
#1058 = CARTESIAN_POINT ( 'NONE',  ( 7.943380326307374149E-17, 0.1761389434064651038, -0.6473990711985351254 ) ) ;
#1059 = STYLED_ITEM ( 'NONE', ( #2077 ), #630 ) ;
#1060 = CARTESIAN_POINT ( 'NONE',  ( 0.1741205190477452536, 0.2120798739292880375, 0.3482410380954960583 ) ) ;
#1061 = CIRCLE ( 'NONE', #545, 0.6496062992125983815 ) ;
#1062 = PRESENTATION_LAYER_ASSIGNMENT (  '', '', ( #2238 ) ) ;
#1063 = CARTESIAN_POINT ( 'NONE',  ( 0.0000000000000000000, 0.1850393700787401619, 0.0000000000000000000 ) ) ;
#1064 = CARTESIAN_POINT ( 'NONE',  ( 0.0000000000000000000, 0.1761389434064651038, 0.6473990711985351254 ) ) ;
#1065 = ORIENTED_EDGE ( 'NONE', *, *, #1802, .F. ) ;
#1066 = AXIS2_PLACEMENT_3D ( 'NONE', #775, #1445, #106 ) ;
#1067 = FACE_OUTER_BOUND ( 'NONE', #2862, .T. ) ;
#1068 = LINE ( 'NONE', #2681, #1675 ) ;
#1069 = CARTESIAN_POINT ( 'NONE',  ( 0.5176969074963323481, 0.1726140483704642625, -1.035393814992685790 ) ) ;
#1070 = CIRCLE ( 'NONE', #1581, 0.2854330708661417804 ) ;
#1071 = EDGE_LOOP ( 'NONE', ( #1579, #672 ) ) ;
#1072 = AXIS2_PLACEMENT_3D ( 'NONE', #2897, #1796, #2453 ) ;
#1073 = DIRECTION ( 'NONE',  ( 1.318477066661416368E-16, 0.0000000000000000000, 1.000000000000000000 ) ) ;
#1074 = CARTESIAN_POINT ( 'NONE',  ( -0.6245322372807146083, 0.1919565535483955254, -9.783664112830972663E-15 ) ) ;
#1075 = AXIS2_PLACEMENT_3D ( 'NONE', #2231, #214, #1113 ) ;
#1076 = CARTESIAN_POINT ( 'NONE',  ( -0.4452096005735032280, 0.2026402650630561575, -5.452245122920123738E-17 ) ) ;
#1077 = CARTESIAN_POINT ( 'NONE',  ( 0.1951982895846074983, 0.2075055388899665898, 0.3903965791692214360 ) ) ;
#1078 = CARTESIAN_POINT ( 'NONE',  ( 0.1741205190477453368, 0.2120798739292880375, -0.3482410380954976126 ) ) ;
#1079 = EDGE_CURVE ( 'NONE', #2139, #1673, #2815, .T. ) ;
#1080 = EDGE_LOOP ( 'NONE', ( #603, #736, #946, #1795 ) ) ;
#1081 = CARTESIAN_POINT ( 'NONE',  ( 0.1948665973573143473, 0.02362204724409368989, 6.456692913385826849 ) ) ;
#1082 = CARTESIAN_POINT ( 'NONE',  ( 0.4386559324786400982, 0.2064779531048648864, -0.8773118649572982930 ) ) ;
#1083 = ADVANCED_FACE ( 'NONE', ( #2757 ), #47, .F. ) ;
#1084 = ORIENTED_EDGE ( 'NONE', *, *, #565, .F. ) ;
#1085 =( CONVERSION_BASED_UNIT ( 'INCH', #1341 ) LENGTH_UNIT ( ) NAMED_UNIT ( #821 ) );
#1086 = CARTESIAN_POINT ( 'NONE',  ( -0.5976332166264136658, 0.2002440315600765852, 1.195266433252799132 ) ) ;
#1087 = CARTESIAN_POINT ( 'NONE',  ( -0.2215239290680186546, 0.1962846386648305075, 0.4430478581360268175 ) ) ;
#1088 = FACE_OUTER_BOUND ( 'NONE', #2401, .T. ) ;
#1089 = CARTESIAN_POINT ( 'NONE',  ( -0.4435557102729306700, 0.2202319924114492233, -0.8871114205458520141 ) ) ;
#1090 =( CONVERSION_BASED_UNIT ( 'INCH', #1547 ) LENGTH_UNIT ( ) NAMED_UNIT ( #2729 ) );
#1091 = CARTESIAN_POINT ( 'NONE',  ( 3.857155272905049219E-17, 0.09055118110236209938, 0.3149606299212598381 ) ) ;
#1092 = SURFACE_STYLE_FILL_AREA ( #2226 ) ;
#1093 = LINE ( 'NONE', #2227, #2154 ) ;
#1094 = SURFACE_SIDE_STYLE ('',( #2214 ) ) ;
#1095 = CARTESIAN_POINT ( 'NONE',  ( 0.5244376210029487728, 0.1752257874575956775, 0.0000000000000000000 ) ) ;
#1096 = ORIENTED_EDGE ( 'NONE', *, *, #634, .T. ) ;
#1097 = CARTESIAN_POINT ( 'NONE',  ( -0.1377952755905511029, 0.04724409448818890633, 0.5998883398837379088 ) ) ;
#1098 = EDGE_CURVE ( 'NONE', #977, #2125, #2542, .T. ) ;
#1099 = CARTESIAN_POINT ( 'NONE',  ( 0.1377952755905512139, 0.06692913385826765316, 0.5998883398837377978 ) ) ;
#1100 = CARTESIAN_POINT ( 'NONE',  ( -0.3203668902310039535, 0.1855226886560549238, 0.6407337804619922528 ) ) ;
#1101 = CLOSED_SHELL ( 'NONE', ( #1120, #1890, #1528, #630, #2124, #619, #412, #1546, #1439, #1787, #2585, #2742, #1549, #1837, #1821, #1204, #2679, #1324, #471, #2901, #2821, #1909, #189, #2602, #2663, #2759, #2106, #206, #216, #2361, #1181, #2506, #1344, #1878 ) ) ;
#1102 = PLANE ( 'NONE',  #1496 ) ;
#1103 = AXIS2_PLACEMENT_3D ( 'NONE', #2868, #851, #1743 ) ;
#1104 = AXIS2_PLACEMENT_3D ( 'NONE', #2732, #474, #1365 ) ;
#1105 = DIRECTION ( 'NONE',  ( 0.0000000000000000000, 0.9880773394266971765, 0.1539583427796604453 ) ) ;
#1106 = VECTOR ( 'NONE', #2572, 39.37007874015748143 ) ;
#1107 = DIRECTION ( 'NONE',  ( -0.0000000000000000000, -1.000000000000000000, -0.0000000000000000000 ) ) ;
#1108 = DIRECTION ( 'NONE',  ( 0.0000000000000000000, 0.0000000000000000000, -1.000000000000000000 ) ) ;
#1109 = CARTESIAN_POINT ( 'NONE',  ( 0.5037251400172224614, 0.1715256334014943485, 0.0000000000000000000 ) ) ;
#1110 = COLOUR_RGB ( '',0.4117647058823529216, 0.4117647058823529216, 0.4117647058823529216 ) ;
#1111 = ORIENTED_EDGE ( 'NONE', *, *, #1917, .T. ) ;
#1112 = CARTESIAN_POINT ( 'NONE',  ( -0.1383223360145351688, 0.2115346253237188612, -0.2766446720290618444 ) ) ;
#1113 = DIRECTION ( 'NONE',  ( 0.0000000000000000000, 0.0000000000000000000, -1.000000000000000000 ) ) ;
#1114 = CARTESIAN_POINT ( 'NONE',  ( 0.2585331613444343257, 0.1737706638455954189, 0.0000000000000000000 ) ) ;
#1115 = AXIS2_PLACEMENT_3D ( 'NONE', #428, #1107, #2014 ) ;
#1116 = CARTESIAN_POINT ( 'NONE',  ( 0.2541874638491185001, 0.1801050991141626700, 0.5083749276982451049 ) ) ;
#1117 = CIRCLE ( 'NONE', #1210, 0.2854330708661417804 ) ;
#1118 = PRESENTATION_STYLE_ASSIGNMENT (( #454 ) ) ;
#1119 = DIRECTION ( 'NONE',  ( 0.0000000000000000000, 0.0000000000000000000, -1.000000000000000000 ) ) ;
#1120 = ADVANCED_FACE ( 'NONE', ( #967 ), #2775, .F. ) ;
#1121 = SURFACE_SIDE_STYLE ('',( #1843 ) ) ;
#1122 =( NAMED_UNIT ( * ) PLANE_ANGLE_UNIT ( ) SI_UNIT ( $, .RADIAN. ) );
#1123 =( LENGTH_UNIT ( ) NAMED_UNIT ( * ) SI_UNIT ( $, .METRE. ) );
#1124 = CARTESIAN_POINT ( 'NONE',  ( 0.4251017397069484227, 0.2122593393298573550, -0.8502034794139139429 ) ) ;
#1125 = UNCERTAINTY_MEASURE_WITH_UNIT (LENGTH_MEASURE( 1.000000000000000082E-05 ), #456, 'distance_accuracy_value', 'NONE');
#1126 = SURFACE_SIDE_STYLE ('',( #1554 ) ) ;
#1127 = CARTESIAN_POINT ( 'NONE',  ( 0.2019163838078440187, 0.2051073757060070113, 0.0000000000000000000 ) ) ;
#1128 = CARTESIAN_POINT ( 'NONE',  ( 0.2986215340048686828, 0.1780875068731720967, 7.314118115510636922E-17 ) ) ;
#1129 = DIRECTION ( 'NONE',  ( 0.0000000000000000000, 0.0000000000000000000, -1.000000000000000000 ) ) ;
#1130 = DIRECTION ( 'NONE',  ( 0.0000000000000000000, 0.0000000000000000000, 1.000000000000000000 ) ) ;
#1131 = CARTESIAN_POINT ( 'NONE',  ( 0.4435557102729243972, 0.2202319924114491956, 0.0000000000000000000 ) ) ;
#1132 = ADVANCED_FACE ( 'NONE', ( #1215 ), #2349, .T. ) ;
#1133 =( CONVERSION_BASED_UNIT ( 'INCH', #502 ) LENGTH_UNIT ( ) NAMED_UNIT ( #675 ) );
#1134 = CARTESIAN_POINT ( 'NONE',  ( -0.6372522310882157148, 0.1842287680062450195, -1.274504462176392794 ) ) ;
#1135 = ORIENTED_EDGE ( 'NONE', *, *, #1220, .T. ) ;
#1136 = CARTESIAN_POINT ( 'NONE',  ( -0.2618110236220473341, 0.06692913385826765316, 0.2586991666985375415 ) ) ;
#1137 = CARTESIAN_POINT ( 'NONE',  ( -0.3970226135135967449, 0.2179467151214115606, 0.7940452270271747270 ) ) ;
#1138 = LINE ( 'NONE', #2913, #392 ) ;
#1139 = CARTESIAN_POINT ( 'NONE',  ( -0.1377952755905511861, 0.06692913385826765316, 0.4703900695525311537 ) ) ;
#1140 = DIRECTION ( 'NONE',  ( 0.0000000000000000000, 0.0000000000000000000, -1.000000000000000000 ) ) ;
#1141 = AXIS2_PLACEMENT_3D ( 'NONE', #2346, #1222, #569 ) ;
#1142 = EDGE_CURVE ( 'NONE', #1474, #510, #550, .T. ) ;
#1143 = FACE_OUTER_BOUND ( 'NONE', #1465, .T. ) ;
#1144 = CARTESIAN_POINT ( 'NONE',  ( 0.0000000000000000000, 0.1730616638885684178, 0.002544939712856287423 ) ) ;
#1145 = SURFACE_STYLE_USAGE ( .BOTH. , #462 ) ;
#1146 = MECHANICAL_DESIGN_GEOMETRIC_PRESENTATION_REPRESENTATION (  '', ( #787 ), #75 ) ;
#1147 = ORIENTED_EDGE ( 'NONE', *, *, #1167, .F. ) ;
#1148 = DIRECTION ( 'NONE',  ( 0.0000000000000000000, -1.241126171134722389E-16, 1.000000000000000000 ) ) ;
#1149 = EDGE_CURVE ( 'NONE', #2832, #1971, #2388, .T. ) ;
#1150 = AXIS2_PLACEMENT_3D ( 'NONE', #60, #1887, #261 ) ;
#1151 = STYLED_ITEM ( 'NONE', ( #1046 ), #1528 ) ;
#1152 = UNCERTAINTY_MEASURE_WITH_UNIT (LENGTH_MEASURE( 1.000000000000000082E-05 ), #1090, 'distance_accuracy_value', 'NONE');
#1153 = PRESENTATION_STYLE_ASSIGNMENT (( #2018 ) ) ;
#1154 = CARTESIAN_POINT ( 'NONE',  ( 0.5444453428435599429, 0.1849614402069369445, 0.0000000000000000000 ) ) ;
#1155 = CARTESIAN_POINT ( 'NONE',  ( 0.4251017397069480896, 0.2122593393298573827, 0.8502034794139097240 ) ) ;
#1156 = DIRECTION ( 'NONE',  ( 0.0000000000000000000, 0.0000000000000000000, 1.000000000000000000 ) ) ;
#1157 = CIRCLE ( 'NONE', #1874, 0.3346456692913385433 ) ;
#1158 = CARTESIAN_POINT ( 'NONE',  ( 0.003151074920650226863, 0.1769517321540278465, 0.0000000000000000000 ) ) ;
#1159 = PRESENTATION_LAYER_ASSIGNMENT (  '', '', ( #1398 ) ) ;
#1160 = CARTESIAN_POINT ( 'NONE',  ( 0.01654471445617295561, 0.1708802737961489238, 0.0000000000000000000 ) ) ;
#1161 = STYLED_ITEM ( 'NONE', ( #2112 ), #2339 ) ;
#1162 = DIRECTION ( 'NONE',  ( 0.0000000000000000000, 1.000000000000000000, 0.0000000000000000000 ) ) ;
#1163 = CARTESIAN_POINT ( 'NONE',  ( 0.6044764771306644358, 0.1987671400432625968, -1.208952954261353518 ) ) ;
#1164 = ORIENTED_EDGE ( 'NONE', *, *, #541, .F. ) ;
#1165 = ORIENTED_EDGE ( 'NONE', *, *, #2319, .F. ) ;
#1166 = DIRECTION ( 'NONE',  ( 0.0000000000000000000, -1.000000000000000000, 0.0000000000000000000 ) ) ;
#1167 = EDGE_CURVE ( 'NONE', #1013, #1312, #2332, .T. ) ;
#1168 = EDGE_LOOP ( 'NONE', ( #1453, #2634, #1165 ) ) ;
#1169 = CARTESIAN_POINT ( 'NONE',  ( 0.4435557102729241752, 0.2202319924114491956, 0.8871114205458598967 ) ) ;
#1170 = CARTESIAN_POINT ( 'NONE',  ( -0.5244376210029653151, 0.1752257874575956775, 1.048875242005905539 ) ) ;
#1171 = DIRECTION ( 'NONE',  ( -0.0000000000000000000, -1.000000000000000000, -0.0000000000000000000 ) ) ;
#1172 = CARTESIAN_POINT ( 'NONE',  ( 3.857155272905049219E-17, 0.06692913385826765316, 0.3149606299212598381 ) ) ;
#1173 = CARTESIAN_POINT ( 'NONE',  ( -0.03171989902676285861, 0.1701238011403935768, -0.06343979805352380208 ) ) ;
#1174 = CARTESIAN_POINT ( 'NONE',  ( -0.2286745406824147175, 0.04724409448818890633, 0.2443269907708409683 ) ) ;
#1175 = SURFACE_STYLE_USAGE ( .BOTH. , #2746 ) ;
#1176 = SURFACE_SIDE_STYLE ('',( #2747 ) ) ;
#1177 = ORIENTED_EDGE ( 'NONE', *, *, #2044, .F. ) ;
#1178 = VERTEX_POINT ( 'NONE', #1475 ) ;
#1179 = DIRECTION ( 'NONE',  ( -1.000000000000000000, 0.0000000000000000000, 0.0000000000000000000 ) ) ;
#1180 = VERTEX_POINT ( 'NONE', #1718 ) ;
#1181 = ADVANCED_FACE ( 'NONE', ( #1067 ), #1251, .T. ) ;
#1182 = CARTESIAN_POINT ( 'NONE',  ( 0.3216935093855304295, 0.1853513585691051735, 7.879218531509372078E-17 ) ) ;
#1183 = FACE_OUTER_BOUND ( 'NONE', #1939, .T. ) ;
#1184 = CARTESIAN_POINT ( 'NONE',  ( 0.5444453428435596098, 0.1849614402069369445, 1.088890685687136539 ) ) ;
#1185 = CARTESIAN_POINT ( 'NONE',  ( 0.4435557102729243972, 0.2202319924114491956, 0.0000000000000000000 ) ) ;
#1186 = CARTESIAN_POINT ( 'NONE',  ( -0.2017563611368419219, 0.02362204724409368989, 6.338582677165354617 ) ) ;
#1187 = CARTESIAN_POINT ( 'NONE',  ( 0.08220151307805520502, 0.1824535550159782360, 2.013356397522192937E-17 ) ) ;
#1188 = AXIS2_PLACEMENT_3D ( 'NONE', #148, #990, #1889 ) ;
#1189 =( CONVERSION_BASED_UNIT ( 'INCH', #2507 ) LENGTH_UNIT ( ) NAMED_UNIT ( #2481 ) );
#1190 = CARTESIAN_POINT ( 'NONE',  ( -0.6245322372807400324, 0.1919565535483954977, -1.249064474561442317 ) ) ;
#1191 = AXIS2_PLACEMENT_3D ( 'NONE', #264, #702, #1587 ) ;
#1192 = ORIENTED_EDGE ( 'NONE', *, *, #20, .T. ) ;
#1193 = CARTESIAN_POINT ( 'NONE',  ( 0.2017563611368419219, 0.04724409448818891327, 0.2954354274324907381 ) ) ;
#1194 = ORIENTED_EDGE ( 'NONE', *, *, #806, .F. ) ;
#1195 = PRESENTATION_LAYER_ASSIGNMENT (  '', '', ( #912 ) ) ;
#1196 = FACE_OUTER_BOUND ( 'NONE', #110, .T. ) ;
#1197 = CIRCLE ( 'NONE', #1482, 0.4901574803149607029 ) ;
#1198 = EDGE_LOOP ( 'NONE', ( #796, #433, #2399, #904 ) ) ;
#1199 = CARTESIAN_POINT ( 'NONE',  ( -0.2585331613444343257, 0.1737706638455954189, -3.246391226413070820E-15 ) ) ;
#1200 = CARTESIAN_POINT ( 'NONE',  ( 0.0000000000000000000, 0.1792173173961308374, 0.0000000000000000000 ) ) ;
#1201 = DIRECTION ( 'NONE',  ( 0.0000000000000000000, 0.0000000000000000000, -1.000000000000000000 ) ) ;
#1202 = LENGTH_MEASURE_WITH_UNIT ( LENGTH_MEASURE( 0.02539999999999999897 ), #48 );
#1203 =( NAMED_UNIT ( * ) PLANE_ANGLE_UNIT ( ) SI_UNIT ( $, .RADIAN. ) );
#1204 = ADVANCED_FACE ( 'NONE', ( #2162 ), #2174, .T. ) ;
#1205 = CIRCLE ( 'NONE', #2865, 0.01968503937007875723 ) ;
#1206 = LINE ( 'NONE', #1725, #1726 ) ;
#1207 = DIRECTION ( 'NONE',  ( 0.0000000000000000000, 0.0000000000000000000, 1.000000000000000000 ) ) ;
#1208 = DIRECTION ( 'NONE',  ( 1.000000000000000000, 0.0000000000000000000, 0.0000000000000000000 ) ) ;
#1209 = DIRECTION ( 'NONE',  ( 0.0000000000000000000, -1.000000000000000000, 0.0000000000000000000 ) ) ;
#1210 = AXIS2_PLACEMENT_3D ( 'NONE', #307, #954, #1140 ) ;
#1211 = ORIENTED_EDGE ( 'NONE', *, *, #143, .T. ) ;
#1212 = CARTESIAN_POINT ( 'NONE',  ( 0.0000000000000000000, 0.04724409448818890633, 0.0000000000000000000 ) ) ;
#1213 = ORIENTED_EDGE ( 'NONE', *, *, #727, .F. ) ;
#1214 = FILL_AREA_STYLE ('',( #2322 ) ) ;
#1215 = FACE_OUTER_BOUND ( 'NONE', #1704, .T. ) ;
#1216 = DIRECTION ( 'NONE',  ( 0.0000000000000000000, 0.0000000000000000000, 1.000000000000000000 ) ) ;
#1217 =( CONVERSION_BASED_UNIT ( 'INCH', #2556 ) LENGTH_UNIT ( ) NAMED_UNIT ( #1574 ) );
#1218 = DIMENSIONAL_EXPONENTS ( 1.000000000000000000, 0.0000000000000000000, 0.0000000000000000000, 0.0000000000000000000, 0.0000000000000000000, 0.0000000000000000000, 0.0000000000000000000 ) ;
#1219 = FILL_AREA_STYLE ('',( #296 ) ) ;
#1220 = EDGE_CURVE ( 'NONE', #2284, #737, #1484, .T. ) ;
#1221 = DIRECTION ( 'NONE',  ( 0.0000000000000000000, 0.0000000000000000000, 1.000000000000000000 ) ) ;
#1222 = DIRECTION ( 'NONE',  ( -0.0000000000000000000, -0.0000000000000000000, -1.000000000000000000 ) ) ;
#1223 = CARTESIAN_POINT ( 'NONE',  ( 0.09478821437510888404, 0.1899005548132128851, 0.0000000000000000000 ) ) ;
#1224 = CARTESIAN_POINT ( 'NONE',  ( 0.0000000000000000000, 0.04724409448818890633, 0.0000000000000000000 ) ) ;
#1225 = ORIENTED_EDGE ( 'NONE', *, *, #1149, .T. ) ;
#1226 = CARTESIAN_POINT ( 'NONE',  ( 0.2215239290680116879, 0.1962846386648305075, 0.0000000000000000000 ) ) ;
#1227 = DIRECTION ( 'NONE',  ( -0.0000000000000000000, -0.0000000000000000000, -1.000000000000000000 ) ) ;
#1228 = ORIENTED_EDGE ( 'NONE', *, *, #2873, .T. ) ;
#1229 = CARTESIAN_POINT ( 'NONE',  ( 0.02664350457559373081, 0.1732912337363215760, 0.05328700915118816939 ) ) ;
#1230 = FACE_OUTER_BOUND ( 'NONE', #2079, .T. ) ;
#1231 = SURFACE_STYLE_USAGE ( .BOTH. , #161 ) ;
#1232 =( NAMED_UNIT ( * ) PLANE_ANGLE_UNIT ( ) SI_UNIT ( $, .RADIAN. ) );
#1233 = EDGE_CURVE ( 'NONE', #1241, #362, #1050, .T. ) ;
#1234 = CARTESIAN_POINT ( 'NONE',  ( 0.0000000000000000000, 0.04724409448818890633, 0.3346456692913385433 ) ) ;
#1235 = MECHANICAL_DESIGN_GEOMETRIC_PRESENTATION_REPRESENTATION (  '', ( #2848 ), #68 ) ;
#1236 = EDGE_LOOP ( 'NONE', ( #1192, #769, #213, #2353 ) ) ;
#1237 = DIRECTION ( 'NONE',  ( 0.0000000000000000000, 0.0000000000000000000, 1.000000000000000000 ) ) ;
#1238 = FILL_AREA_STYLE_COLOUR ( '', #254 ) ;
#1239 = CARTESIAN_POINT ( 'NONE',  ( -0.2611919843673859432, 0.1779030232833283820, 5.303670137254740809E-15 ) ) ;
#1240 = EDGE_CURVE ( 'NONE', #149, #1924, #217, .T. ) ;
#1241 = VERTEX_POINT ( 'NONE', #2648 ) ;
#1242 = UNCERTAINTY_MEASURE_WITH_UNIT (LENGTH_MEASURE( 1.000000000000000082E-05 ), #2526, 'distance_accuracy_value', 'NONE');
#1243 = CARTESIAN_POINT ( 'NONE',  ( -0.1377952755905511861, 0.04724409448818890633, 0.4703900695525311537 ) ) ;
#1244 = DIRECTION ( 'NONE',  ( 1.000000000000000000, 0.0000000000000000000, 0.0000000000000000000 ) ) ;
#1245 = DIRECTION ( 'NONE',  ( 0.0000000000000000000, 0.0000000000000000000, -1.000000000000000000 ) ) ;
#1246 = CIRCLE ( 'NONE', #597, 0.006889763779527552021 ) ;
#1247 =( NAMED_UNIT ( * ) SI_UNIT ( $, .STERADIAN. ) SOLID_ANGLE_UNIT ( ) );
#1248 = ORIENTED_EDGE ( 'NONE', *, *, #1978, .T. ) ;
#1249 = DIRECTION ( 'NONE',  ( -4.386985935823535642E-16, 0.0000000000000000000, -1.000000000000000000 ) ) ;
#1250 = ORIENTED_EDGE ( 'NONE', *, *, #376, .T. ) ;
#1251 = CYLINDRICAL_SURFACE ( 'NONE', #641, 0.01968503937007875723 ) ;
#1252 = DIRECTION ( 'NONE',  ( 0.0000000000000000000, 0.0000000000000000000, 1.000000000000000000 ) ) ;
#1253 = SURFACE_STYLE_USAGE ( .BOTH. , #1928 ) ;
#1254 = CARTESIAN_POINT ( 'NONE',  ( 0.3270562637535300299, 0.1890627244617311964, 0.0000000000000000000 ) ) ;
#1255 = ORIENTED_EDGE ( 'NONE', *, *, #1456, .F. ) ;
#1256 =( GEOMETRIC_REPRESENTATION_CONTEXT ( 3 ) GLOBAL_UNCERTAINTY_ASSIGNED_CONTEXT ( ( #1695 ) ) GLOBAL_UNIT_ASSIGNED_CONTEXT ( ( #1716, #1925, #811 ) ) REPRESENTATION_CONTEXT ( 'NONE', 'WORKASPACE' ) );
#1257 = DIRECTION ( 'NONE',  ( 0.0000000000000000000, 0.0000000000000000000, -1.000000000000000000 ) ) ;
#1258 = EDGE_CURVE ( 'NONE', #2832, #778, #2629, .T. ) ;
#1259 =( CONVERSION_BASED_UNIT ( 'INCH', #1017 ) LENGTH_UNIT ( ) NAMED_UNIT ( #915 ) );
#1260 = CARTESIAN_POINT ( 'NONE',  ( 0.1383223360145294512, 0.2115346253237188057, 0.2766446720290633432 ) ) ;
#1261 = DIRECTION ( 'NONE',  ( 0.0000000000000000000, 0.8660254037844403729, 0.4999999999999969469 ) ) ;
#1262 = CARTESIAN_POINT ( 'NONE',  ( 0.0000000000000000000, 0.1181102362204724532, -0.2854330708661417804 ) ) ;
#1263 = FACE_OUTER_BOUND ( 'NONE', #2111, .T. ) ;
#1264 = ORIENTED_EDGE ( 'NONE', *, *, #1079, .F. ) ;
#1265 = DIRECTION ( 'NONE',  ( 0.0000000000000000000, 1.000000000000000000, 0.0000000000000000000 ) ) ;
#1266 = FILL_AREA_STYLE ('',( #1746 ) ) ;
#1267 = CARTESIAN_POINT ( 'NONE',  ( -0.2835429222470911004, 0.1759884926702385832, 5.757520212552187967E-15 ) ) ;
#1268 = ORIENTED_EDGE ( 'NONE', *, *, #857, .F. ) ;
#1269 = CARTESIAN_POINT ( 'NONE',  ( 0.1128185154074831387, 0.2012665611251221454, -0.2256370308149709125 ) ) ;
#1270 = DIRECTION ( 'NONE',  ( -4.386985935823535642E-16, 0.0000000000000000000, 1.000000000000000000 ) ) ;
#1271 = ADVANCED_FACE ( 'NONE', ( #613 ), #2042, .T. ) ;
#1272 = CARTESIAN_POINT ( 'NONE',  ( 0.1188779279662752625, 0.2044455008525815354, 2.911669479463362439E-17 ) ) ;
#1273 = DIRECTION ( 'NONE',  ( -0.0000000000000000000, -1.000000000000000000, -0.0000000000000000000 ) ) ;
#1274 = CIRCLE ( 'NONE', #538, 0.003151074920650226863 ) ;
#1275 = CARTESIAN_POINT ( 'NONE',  ( 0.6041456480953052433, 0.09055118110236214102, 0.0000000000000000000 ) ) ;
#1276 = VERTEX_POINT ( 'NONE', #2689 ) ;
#1277 = ORIENTED_EDGE ( 'NONE', *, *, #1511, .T. ) ;
#1278 =( LENGTH_UNIT ( ) NAMED_UNIT ( * ) SI_UNIT ( $, .METRE. ) );
#1279 =( CONVERSION_BASED_UNIT ( 'INCH', #1515 ) LENGTH_UNIT ( ) NAMED_UNIT ( #2499 ) );
#1280 = CARTESIAN_POINT ( 'NONE',  ( 0.2835429222470912669, 0.1759884926702386110, -0.5670858444941937471 ) ) ;
#1281 =( GEOMETRIC_REPRESENTATION_CONTEXT ( 3 ) GLOBAL_UNCERTAINTY_ASSIGNED_CONTEXT ( ( #2654 ) ) GLOBAL_UNIT_ASSIGNED_CONTEXT ( ( #220, #259, #1570 ) ) REPRESENTATION_CONTEXT ( 'NONE', 'WORKASPACE' ) );
#1282 = VERTEX_POINT ( 'NONE', #2475 ) ;
#1283 = SURFACE_STYLE_FILL_AREA ( #2428 ) ;
#1284 = CARTESIAN_POINT ( 'NONE',  ( 0.2017563611368419219, 0.02362204724409368989, 6.456692913385826849 ) ) ;
#1285 = CIRCLE ( 'NONE', #21, 0.7086614173228348301 ) ;
#1286 = CARTESIAN_POINT ( 'NONE',  ( -0.5037251400172224614, 0.1715256334014943485, -6.168853803721437714E-17 ) ) ;
#1287 = FILL_AREA_STYLE ('',( #2221 ) ) ;
#1288 = CIRCLE ( 'NONE', #1572, 0.7086614173228348301 ) ;
#1289 = CARTESIAN_POINT ( 'NONE',  ( -0.1383223360145338643, 0.2115346253237188057, 0.2766446720290611228 ) ) ;
#1290 = MECHANICAL_DESIGN_GEOMETRIC_PRESENTATION_REPRESENTATION (  '', ( #1335 ), #398 ) ;
#1291 =( CONVERSION_BASED_UNIT ( 'INCH', #790 ) LENGTH_UNIT ( ) NAMED_UNIT ( #467 ) );
#1292 = EDGE_CURVE ( 'NONE', #2177, #2068, #16, .T. ) ;
#1293 = VECTOR ( 'NONE', #1201, 39.37007874015748143 ) ;
#1294 = EDGE_LOOP ( 'NONE', ( #1897, #1495, #1833, #251, #2766, #507 ) ) ;
#1295 =( GEOMETRIC_REPRESENTATION_CONTEXT ( 3 ) GLOBAL_UNCERTAINTY_ASSIGNED_CONTEXT ( ( #43 ) ) GLOBAL_UNIT_ASSIGNED_CONTEXT ( ( #2326, #2760, #1401 ) ) REPRESENTATION_CONTEXT ( 'NONE', 'WORKASPACE' ) );
#1296 =( NAMED_UNIT ( * ) PLANE_ANGLE_UNIT ( ) SI_UNIT ( $, .RADIAN. ) );
#1297 = CARTESIAN_POINT ( 'NONE',  ( 0.4181008279649998105, 0.2143133890609769943, -0.8362016559300164964 ) ) ;
#1298 = PRESENTATION_LAYER_ASSIGNMENT (  '', '', ( #2767 ) ) ;
#1299 = VERTEX_POINT ( 'NONE', #669 ) ;
#1300 = MECHANICAL_DESIGN_GEOMETRIC_PRESENTATION_REPRESENTATION (  '', ( #645 ), #1582 ) ;
#1301 = SURFACE_STYLE_USAGE ( .BOTH. , #802 ) ;
#1302 = SURFACE_STYLE_FILL_AREA ( #404 ) ;
#1303 = AXIS2_PLACEMENT_3D ( 'NONE', #2704, #2035, #1119 ) ;
#1304 = UNCERTAINTY_MEASURE_WITH_UNIT (LENGTH_MEASURE( 1.000000000000000082E-05 ), #3, 'distance_accuracy_value', 'NONE');
#1305 = CARTESIAN_POINT ( 'NONE',  ( -0.3828783613019213217, 0.2169911204086175105, -4.688907596311818015E-17 ) ) ;
#1306 = CARTESIAN_POINT ( 'NONE',  ( -0.1007669639867842110, 0.1939537854326396915, 0.2015339279735635925 ) ) ;
#1307 = CARTESIAN_POINT ( 'NONE',  ( -0.3216935093855304295, 0.1853513585691051735, 2.246373769693075883E-15 ) ) ;
#1308 = ORIENTED_EDGE ( 'NONE', *, *, #56, .F. ) ;
#1309 = CARTESIAN_POINT ( 'NONE',  ( 0.0000000000000000000, 0.1730616638885684178, 0.002544939712856287423 ) ) ;
#1310 = CARTESIAN_POINT ( 'NONE',  ( 0.0000000000000000000, 0.04724409448818890633, 0.6155108108746286666 ) ) ;
#1311 = CARTESIAN_POINT ( 'NONE',  ( -0.5072513846145960681, 0.1714163075617459175, -1.014502769229161494 ) ) ;
#1312 = VERTEX_POINT ( 'NONE', #2013 ) ;
#1313 = DIRECTION ( 'NONE',  ( 1.000000000000000000, 0.0000000000000000000, 0.0000000000000000000 ) ) ;
#1314 = SURFACE_SIDE_STYLE ('',( #2660 ) ) ;
#1315 = CARTESIAN_POINT ( 'NONE',  ( 0.0000000000000000000, 0.0000000000000000000, -0.3149606299212598381 ) ) ;
#1316 = CARTESIAN_POINT ( 'NONE',  ( -0.4181008279650128001, 0.2143133890609770220, 0.8362016559300058383 ) ) ;
#1317 = CARTESIAN_POINT ( 'NONE',  ( -0.6302045854341039588, 0.1948828173099276251, -1.260409170868195483 ) ) ;
#1318 = PLANE ( 'NONE',  #1868 ) ;
#1319 = DIRECTION ( 'NONE',  ( 0.0000000000000000000, 0.0000000000000000000, 1.000000000000000000 ) ) ;
#1320 =( NAMED_UNIT ( * ) PLANE_ANGLE_UNIT ( ) SI_UNIT ( $, .RADIAN. ) );
#1321 = CARTESIAN_POINT ( 'NONE',  ( -0.5444453428435820364, 0.1849614402069369445, -1.088890685687130988 ) ) ;
#1322 = ORIENTED_EDGE ( 'NONE', *, *, #731, .T. ) ;
#1323 = CARTESIAN_POINT ( 'NONE',  ( 0.2286745406824147175, 0.04724409448818890633, 0.2443269907708409405 ) ) ;
#1324 = ADVANCED_FACE ( 'NONE', ( #1334 ), #2887, .F. ) ;
#1325 = CONICAL_SURFACE ( 'NONE', #2800, 0.6496062992125983815, 0.5235987755982964842 ) ;
#1326 = UNCERTAINTY_MEASURE_WITH_UNIT (LENGTH_MEASURE( 1.000000000000000082E-05 ), #1985, 'distance_accuracy_value', 'NONE');
#1327 = FACE_OUTER_BOUND ( 'NONE', #1658, .T. ) ;
#1328 = DIRECTION ( 'NONE',  ( -0.0000000000000000000, -1.000000000000000000, -0.0000000000000000000 ) ) ;
#1329 = CARTESIAN_POINT ( 'NONE',  ( 0.3060989644730905401, 0.1800665235920397844, 7.497262341285754768E-17 ) ) ;
#1330 = CIRCLE ( 'NONE', #1761, 0.02362204724409448092 ) ;
#1331 = CARTESIAN_POINT ( 'NONE',  ( -0.1377952755905511861, 0.04724409448818890633, 0.4703900695525311537 ) ) ;
#1332 = FACE_OUTER_BOUND ( 'NONE', #1294, .T. ) ;
#1333 =( GEOMETRIC_REPRESENTATION_CONTEXT ( 3 ) GLOBAL_UNCERTAINTY_ASSIGNED_CONTEXT ( ( #1304 ) ) GLOBAL_UNIT_ASSIGNED_CONTEXT ( ( #3, #1459, #2362 ) ) REPRESENTATION_CONTEXT ( 'NONE', 'WORKASPACE' ) );
#1334 = FACE_OUTER_BOUND ( 'NONE', #2427, .T. ) ;
#1335 = STYLED_ITEM ( 'NONE', ( #2232 ), #873 ) ;
#1336 = PRESENTATION_STYLE_ASSIGNMENT (( #2213 ) ) ;
#1337 = CARTESIAN_POINT ( 'NONE',  ( 0.1377952755905511861, 0.04724409448818890633, 0.4703900695525311537 ) ) ;
#1338 = CARTESIAN_POINT ( 'NONE',  ( 0.4452096005735031725, 0.2026402650630561020, -0.8904192011470248858 ) ) ;
#1339 = CIRCLE ( 'NONE', #2431, 0.003151074920650226863 ) ;
#1340 = EDGE_LOOP ( 'NONE', ( #1255, #519, #960, #1423 ) ) ;
#1341 = LENGTH_MEASURE_WITH_UNIT ( LENGTH_MEASURE( 0.02539999999999999897 ), #1466 );
#1342 = PRESENTATION_LAYER_ASSIGNMENT (  '', '', ( #841 ) ) ;
#1343 = CIRCLE ( 'NONE', #88, 0.4901574803149607029 ) ;
#1344 = ADVANCED_FACE ( 'NONE', ( #2491 ), #1318, .F. ) ;
#1345 = CARTESIAN_POINT ( 'NONE',  ( 0.0000000000000000000, 0.0000000000000000000, -0.3149606299212598381 ) ) ;
#1346 = CARTESIAN_POINT ( 'NONE',  ( 0.2835429222470911004, 0.1759884926702385832, 0.0000000000000000000 ) ) ;
#1347 = CARTESIAN_POINT ( 'NONE',  ( 0.2611919843673858321, 0.1779030232833283820, 0.5223839687347798799 ) ) ;
#1348 = FACE_OUTER_BOUND ( 'NONE', #2769, .T. ) ;
#1349 =( NAMED_UNIT ( * ) PLANE_ANGLE_UNIT ( ) SI_UNIT ( $, .RADIAN. ) );
#1350 = LENGTH_MEASURE_WITH_UNIT ( LENGTH_MEASURE( 0.02539999999999999897 ), #2916 );
#1351 = CARTESIAN_POINT ( 'NONE',  ( -0.1128185154074831387, 0.2012665611251220898, -1.381628337783305646E-17 ) ) ;
#1352 = SURFACE_STYLE_FILL_AREA ( #226 ) ;
#1353 = CARTESIAN_POINT ( 'NONE',  ( 0.4386559324786400982, 0.2064779531048648864, 0.0000000000000000000 ) ) ;
#1354 = UNCERTAINTY_MEASURE_WITH_UNIT (LENGTH_MEASURE( 1.000000000000000082E-05 ), #2728, 'distance_accuracy_value', 'NONE');
#1355 = FILL_AREA_STYLE ('',( #935 ) ) ;
#1356 = CARTESIAN_POINT ( 'NONE',  ( 0.6044764771306644358, 0.1987671400432625413, 0.0000000000000000000 ) ) ;
#1357 = CARTESIAN_POINT ( 'NONE',  ( 0.3460533941535764990, 0.2002578262228215944, 0.6921067883071641003 ) ) ;
#1358 = CARTESIAN_POINT ( 'NONE',  ( 0.02664350457559374469, 0.1732912337363215760, 0.0000000000000000000 ) ) ;
#1359 = EDGE_CURVE ( 'NONE', #1748, #1530, #1830, .T. ) ;
#1360 = SURFACE_STYLE_USAGE ( .BOTH. , #1585 ) ;
#1361 = CARTESIAN_POINT ( 'NONE',  ( 0.3216935093855304295, 0.1853513585691052290, -0.6433870187710652999 ) ) ;
#1362 = FACE_BOUND ( 'NONE', #2410, .T. ) ;
#1363 = EDGE_CURVE ( 'NONE', #2874, #99, #137, .T. ) ;
#1364 = LENGTH_MEASURE_WITH_UNIT ( LENGTH_MEASURE( 0.02539999999999999897 ), #2 );
#1365 = DIRECTION ( 'NONE',  ( 0.0000000000000000000, 0.0000000000000000000, -1.000000000000000000 ) ) ;
#1366 = DIRECTION ( 'NONE',  ( 0.0000000000000000000, 0.0000000000000000000, -1.000000000000000000 ) ) ;
#1367 = VERTEX_POINT ( 'NONE', #2024 ) ;
#1368 = CARTESIAN_POINT ( 'NONE',  ( 0.2017563611368419219, 0.04724409448818891327, 0.3543307086614174151 ) ) ;
#1369 = ORIENTED_EDGE ( 'NONE', *, *, #1142, .T. ) ;
#1370 = DIRECTION ( 'NONE',  ( 0.0000000000000000000, 0.0000000000000000000, -1.000000000000000000 ) ) ;
#1371 = DIRECTION ( 'NONE',  ( 0.0000000000000000000, 0.0000000000000000000, -1.000000000000000000 ) ) ;
#1372 =( NAMED_UNIT ( * ) PLANE_ANGLE_UNIT ( ) SI_UNIT ( $, .RADIAN. ) );
#1373 = AXIS2_PLACEMENT_3D ( 'NONE', #805, #2373, #1244 ) ;
#1374 = MANIFOLD_SOLID_BREP ( '??3', #586 ) ;
#1375 =( NAMED_UNIT ( * ) PLANE_ANGLE_UNIT ( ) SI_UNIT ( $, .RADIAN. ) );
#1376 = CARTESIAN_POINT ( 'NONE',  ( 0.2340157361994240626, 0.1884504031137650137, 0.0000000000000000000 ) ) ;
#1377 = CARTESIAN_POINT ( 'NONE',  ( 0.3460533941535766655, 0.2002578262228215944, 8.475863629685080143E-17 ) ) ;
#1378 = LENGTH_MEASURE_WITH_UNIT ( LENGTH_MEASURE( 0.02539999999999999897 ), #1962 );
#1379 =( GEOMETRIC_REPRESENTATION_CONTEXT ( 3 ) GLOBAL_UNCERTAINTY_ASSIGNED_CONTEXT ( ( #141 ) ) GLOBAL_UNIT_ASSIGNED_CONTEXT ( ( #2120, #1232, #1247 ) ) REPRESENTATION_CONTEXT ( 'NONE', 'WORKASPACE' ) );
#1380 = CARTESIAN_POINT ( 'NONE',  ( 7.677016545976927008E-17, 0.09055118110236215490, -0.6041456480953052433 ) ) ;
#1381 = DIRECTION ( 'NONE',  ( 0.0000000000000000000, 0.0000000000000000000, -1.000000000000000000 ) ) ;
#1382 = AXIS2_PLACEMENT_3D ( 'NONE', #1703, #355, #2378 ) ;
#1383 = CARTESIAN_POINT ( 'NONE',  ( 0.002544939712856286989, 0.1730616638885684178, -0.005089879425712678929 ) ) ;
#1384 = CARTESIAN_POINT ( 'NONE',  ( 3.676351119487624998E-17, 0.1181102362204724532, 0.2854330708661417804 ) ) ;
#1385 = ADVANCED_FACE ( 'NONE', ( #1143 ), #200, .F. ) ;
#1386 = DIRECTION ( 'NONE',  ( 1.318477066661416368E-16, 0.0000000000000000000, 1.000000000000000000 ) ) ;
#1387 =( GEOMETRIC_REPRESENTATION_CONTEXT ( 3 ) GLOBAL_UNCERTAINTY_ASSIGNED_CONTEXT ( ( #2659 ) ) GLOBAL_UNIT_ASSIGNED_CONTEXT ( ( #1533, #1320, #1559 ) ) REPRESENTATION_CONTEXT ( 'NONE', 'WORKASPACE' ) );
#1388 = CARTESIAN_POINT ( 'NONE',  ( -0.6044764771306644358, 0.1987671400432625413, 1.227428111239989329E-14 ) ) ;
#1389 = ORIENTED_EDGE ( 'NONE', *, *, #2181, .F. ) ;
#1390 = ORIENTED_EDGE ( 'NONE', *, *, #2718, .T. ) ;
#1391 = VECTOR ( 'NONE', #2075, 39.37007874015748143 ) ;
#1392 = VECTOR ( 'NONE', #2089, 39.37007874015748143 ) ;
#1393 = ORIENTED_EDGE ( 'NONE', *, *, #1749, .F. ) ;
#1394 = STYLED_ITEM ( 'NONE', ( #2310 ), #1425 ) ;
#1395 = CARTESIAN_POINT ( 'NONE',  ( 0.1248730613234729087, 0.2197697315699903842, 3.058507896990436342E-17 ) ) ;
#1396 = CARTESIAN_POINT ( 'NONE',  ( 0.5176969074963324591, 0.1726140483704642625, 1.267991721387734282E-16 ) ) ;
#1397 = CARTESIAN_POINT ( 'NONE',  ( -0.3216935093855304295, 0.1853513585691051735, -3.939609265754688504E-17 ) ) ;
#1398 = STYLED_ITEM ( 'NONE', ( #1153 ), #2066 ) ;
#1399 =( NAMED_UNIT ( * ) PLANE_ANGLE_UNIT ( ) SI_UNIT ( $, .RADIAN. ) );
#1400 = CIRCLE ( 'NONE', #2005, 0.6496062992125984925 ) ;
#1401 =( NAMED_UNIT ( * ) SI_UNIT ( $, .STERADIAN. ) SOLID_ANGLE_UNIT ( ) );
#1402 = CARTESIAN_POINT ( 'NONE',  ( -0.09478821437510888404, 0.1899005548132128851, -1.160820833313702216E-17 ) ) ;
#1403 = CARTESIAN_POINT ( 'NONE',  ( 0.6245322372807146083, 0.1919565535483955254, 0.0000000000000000000 ) ) ;
#1404 = EDGE_CURVE ( 'NONE', #1678, #2874, #402, .T. ) ;
#1405 = ORIENTED_EDGE ( 'NONE', *, *, #1992, .T. ) ;
#1406 = CARTESIAN_POINT ( 'NONE',  ( 0.0000000000000000000, 0.1761389434064651038, 0.0000000000000000000 ) ) ;
#1407 = ORIENTED_EDGE ( 'NONE', *, *, #2025, .T. ) ;
#1408 = SURFACE_STYLE_USAGE ( .BOTH. , #1314 ) ;
#1409 = DIRECTION ( 'NONE',  ( 1.000000000000000000, 0.0000000000000000000, 0.0000000000000000000 ) ) ;
#1410 = ORIENTED_EDGE ( 'NONE', *, *, #522, .F. ) ;
#1411 = CARTESIAN_POINT ( 'NONE',  ( -0.5048490075826126411, 0.1527336767782170868, 1.009698015165206186 ) ) ;
#1412 = DIMENSIONAL_EXPONENTS ( 1.000000000000000000, 0.0000000000000000000, 0.0000000000000000000, 0.0000000000000000000, 0.0000000000000000000, 0.0000000000000000000, 0.0000000000000000000 ) ;
#1413 = CARTESIAN_POINT ( 'NONE',  ( 0.6302045854340951880, 0.1948828173099276528, 0.0000000000000000000 ) ) ;
#1414 = CARTESIAN_POINT ( 'NONE',  ( 0.2017563611368419219, 0.02362204724409368989, 6.338582677165354617 ) ) ;
#1415 = CARTESIAN_POINT ( 'NONE',  ( -0.08220151307805520502, 0.1824535550159782360, -1.287734956683570198E-15 ) ) ;
#1416 = CARTESIAN_POINT ( 'NONE',  ( 0.0000000000000000000, 0.1761389434064651038, 0.0000000000000000000 ) ) ;
#1417 = CARTESIAN_POINT ( 'NONE',  ( 0.0000000000000000000, 0.0000000000000000000, 0.0000000000000000000 ) ) ;
#1418 = DIRECTION ( 'NONE',  ( 0.0000000000000000000, 0.0000000000000000000, -1.000000000000000000 ) ) ;
#1419 = EDGE_LOOP ( 'NONE', ( #100, #356, #1937, #1506 ) ) ;
#1420 = MANIFOLD_SOLID_BREP ( '??-??2', #1101 ) ;
#1421 = ORIENTED_EDGE ( 'NONE', *, *, #2433, .T. ) ;
#1422 = DIRECTION ( 'NONE',  ( 0.0000000000000000000, 0.0000000000000000000, -1.000000000000000000 ) ) ;
#1423 = ORIENTED_EDGE ( 'NONE', *, *, #376, .F. ) ;
#1424 = CARTESIAN_POINT ( 'NONE',  ( 0.1248730613234728393, 0.2197697315699903842, 0.2497461226469489814 ) ) ;
#1425 = ADVANCED_FACE ( 'NONE', ( #2344 ), #2527, .T. ) ;
#1426 = DIRECTION ( 'NONE',  ( 0.0000000000000000000, -1.000000000000000000, 0.0000000000000000000 ) ) ;
#1427 = CARTESIAN_POINT ( 'NONE',  ( -0.01654471445617346909, 0.1708802737961489238, 0.03308942891234615408 ) ) ;
#1428 = MECHANICAL_DESIGN_GEOMETRIC_PRESENTATION_REPRESENTATION (  '', ( #2688 ), #1281 ) ;
#1429 =( LENGTH_UNIT ( ) NAMED_UNIT ( * ) SI_UNIT ( $, .METRE. ) );
#1430 = CARTESIAN_POINT ( 'NONE',  ( -0.1377952755905511029, 0.06692913385826765316, 0.5998883398837379088 ) ) ;
#1431 = ORIENTED_EDGE ( 'NONE', *, *, #900, .T. ) ;
#1432 = VERTEX_POINT ( 'NONE', #551 ) ;
#1433 = COLOUR_RGB ( '',0.2509803921568627416, 0.2509803921568627416, 0.2509803921568627416 ) ;
#1434 = CARTESIAN_POINT ( 'NONE',  ( 0.002544939712856287423, 0.1730616638885684178, 0.0000000000000000000 ) ) ;
#1435 = CONICAL_SURFACE ( 'NONE', #128, 0.6155108108746286666, 0.5235987755982952629 ) ;
#1436 = ORIENTED_EDGE ( 'NONE', *, *, #2546, .T. ) ;
#1437 = CARTESIAN_POINT ( 'NONE',  ( -0.6302045854341110642, 0.1948828173099275696, 1.260409170868197926 ) ) ;
#1438 = CARTESIAN_POINT ( 'NONE',  ( 0.3681861936811547942, 0.2251810377203327940, 0.0000000000000000000 ) ) ;
#1439 = ADVANCED_FACE ( 'NONE', ( #956 ), #2530, .T. ) ;
#1440 = CARTESIAN_POINT ( 'NONE',  ( -0.2421259842519685457, 0.04724409448818890633, 0.2586991666985375415 ) ) ;
#1441 = DIRECTION ( 'NONE',  ( -0.0000000000000000000, -1.000000000000000000, -0.0000000000000000000 ) ) ;
#1442 = CARTESIAN_POINT ( 'NONE',  ( 0.01654471445617294520, 0.1708802737961489238, 0.03308942891234641775 ) ) ;
#1443 =( GEOMETRIC_REPRESENTATION_CONTEXT ( 3 ) GLOBAL_UNCERTAINTY_ASSIGNED_CONTEXT ( ( #1780 ) ) GLOBAL_UNIT_ASSIGNED_CONTEXT ( ( #1259, #1000, #1455 ) ) REPRESENTATION_CONTEXT ( 'NONE', 'WORKASPACE' ) );
#1444 = LENGTH_MEASURE_WITH_UNIT ( LENGTH_MEASURE( 0.02539999999999999897 ), #529 );
#1445 = DIRECTION ( 'NONE',  ( 0.0000000000000000000, 0.0000000000000000000, 1.000000000000000000 ) ) ;
#1446 = CARTESIAN_POINT ( 'NONE',  ( -0.4935253958794301732, 0.1736395245305357715, -6.043942963616743409E-17 ) ) ;
#1447 = CYLINDRICAL_SURFACE ( 'NONE', #1141, 0.006889763779527552021 ) ;
#1448 = MANIFOLD_SOLID_BREP ( '??-??6', #2421 ) ;
#1449 = CARTESIAN_POINT ( 'NONE',  ( -0.08220151307805854957, 0.1824535550159782360, -0.1644030261561120754 ) ) ;
#1450 = VERTEX_POINT ( 'NONE', #835 ) ;
#1451 = CARTESIAN_POINT ( 'NONE',  ( -0.1951982895846156307, 0.2075055388899666731, -0.3903965791692193821 ) ) ;
#1452 = CARTESIAN_POINT ( 'NONE',  ( -0.1377952755905511861, 0.04724409448818890633, 0.4703900695525311537 ) ) ;
#1453 = ORIENTED_EDGE ( 'NONE', *, *, #710, .F. ) ;
#1454 = CARTESIAN_POINT ( 'NONE',  ( 0.5048490075825997625, 0.1527336767782170868, 1.009698015165212626 ) ) ;
#1455 =( NAMED_UNIT ( * ) SI_UNIT ( $, .STERADIAN. ) SOLID_ANGLE_UNIT ( ) );
#1456 = EDGE_CURVE ( 'NONE', #132, #55, #1206, .T. ) ;
#1457 = CARTESIAN_POINT ( 'NONE',  ( -0.002544939712856287423, 0.1730616638885684178, -3.986797454428102919E-17 ) ) ;
#1458 = EDGE_CURVE ( 'NONE', #53, #558, #1870, .T. ) ;
#1459 =( NAMED_UNIT ( * ) PLANE_ANGLE_UNIT ( ) SI_UNIT ( $, .RADIAN. ) );
#1460 = PLANE ( 'NONE',  #1715 ) ;
#1461 = ORIENTED_EDGE ( 'NONE', *, *, #653, .T. ) ;
#1462 = DIRECTION ( 'NONE',  ( 0.0000000000000000000, 1.000000000000000000, 0.0000000000000000000 ) ) ;
#1463 = ORIENTED_EDGE ( 'NONE', *, *, #1473, .T. ) ;
#1464 = CARTESIAN_POINT ( 'NONE',  ( -0.2340157361994240626, 0.1884504031137650137, 4.751839053310340891E-15 ) ) ;
#1465 = EDGE_LOOP ( 'NONE', ( #2016, #1211 ) ) ;
#1466 =( LENGTH_UNIT ( ) NAMED_UNIT ( * ) SI_UNIT ( $, .METRE. ) );
#1467 = CARTESIAN_POINT ( 'NONE',  ( -0.6044764771306644358, 0.1987671400432625413, -9.469478856854510626E-15 ) ) ;
#1468 = LINE ( 'NONE', #1666, #2103 ) ;
#1469 = FILL_AREA_STYLE_COLOUR ( '', #2193 ) ;
#1470 = FACE_OUTER_BOUND ( 'NONE', #2535, .T. ) ;
#1471 = DIRECTION ( 'NONE',  ( -1.000000000000000000, 0.0000000000000000000, 0.0000000000000000000 ) ) ;
#1472 = CONICAL_SURFACE ( 'NONE', #119, 0.002544939712856287423, 0.1545731401442121400 ) ;
#1473 = EDGE_CURVE ( 'NONE', #596, #2125, #2589, .T. ) ;
#1474 = VERTEX_POINT ( 'NONE', #2625 ) ;
#1475 = CARTESIAN_POINT ( 'NONE',  ( -0.2017563611368419219, 0.04724409448818891327, 0.4132259898903441475 ) ) ;
#1476 = DIRECTION ( 'NONE',  ( 0.0000000000000000000, -1.000000000000000000, 0.0000000000000000000 ) ) ;
#1477 = CARTESIAN_POINT ( 'NONE',  ( 0.3828783613019213217, 0.2169911204086174550, -0.7657567226038585195 ) ) ;
#1478 = ORIENTED_EDGE ( 'NONE', *, *, #96, .F. ) ;
#1479 = AXIS2_PLACEMENT_3D ( 'NONE', #838, #380, #177 ) ;
#1480 = DIRECTION ( 'NONE',  ( -1.000000000000000000, 0.0000000000000000000, 0.0000000000000000000 ) ) ;
#1481 = COLOUR_RGB ( '',0.2509803921568627416, 0.2509803921568627416, 0.2509803921568627416 ) ;
#1482 = AXIS2_PLACEMENT_3D ( 'NONE', #532, #2558, #97 ) ;
#1483 = SURFACE_STYLE_FILL_AREA ( #123 ) ;
#1484 = CIRCLE ( 'NONE', #498, 0.05889528122892669776 ) ;
#1485 = FACE_OUTER_BOUND ( 'NONE', #1536, .T. ) ;
#1486 = AXIS2_PLACEMENT_3D ( 'NONE', #654, #2447, #1548 ) ;
#1487 = FILL_AREA_STYLE_COLOUR ( '', #1852 ) ;
#1488 = DIRECTION ( 'NONE',  ( 0.0000000000000000000, 0.0000000000000000000, -1.000000000000000000 ) ) ;
#1489 = ORIENTED_EDGE ( 'NONE', *, *, #2798, .T. ) ;
#1490 = DIRECTION ( 'NONE',  ( 0.0000000000000000000, 0.0000000000000000000, 1.000000000000000000 ) ) ;
#1491 = AXIS2_PLACEMENT_3D ( 'NONE', #1417, #2778, #2093 ) ;
#1492 = CARTESIAN_POINT ( 'NONE',  ( -0.2611919843673965458, 0.1779030232833283820, -0.5223839687347773264 ) ) ;
#1493 = EDGE_CURVE ( 'NONE', #400, #1299, #623, .T. ) ;
#1494 =( BOUNDED_SURFACE ( )  B_SPLINE_SURFACE ( 3, 3, ( 
 ( #674, #24, #322, #2101 ),
 ( #1662, #1885, #1229, #2739 ),
 ( #103, #759, #948, #2129 ),
 ( #2801, #542, #1424, #1395 ),
 ( #2290, #91, #2321, #1650 ),
 ( #1199, #289, #2552, #771 ),
 ( #983, #2784, #120, #1182 ),
 ( #2336, #724, #1611, #2565 ),
 ( #524, #785, #1169, #2069 ),
 ( #1849, #1411, #1454, #2516 ),
 ( #2753, #2354, #57, #1871 ),
 ( #1838, #1437, #2537, #495 ),
 ( #741, #1630, #511, #2083 ) ),
 .UNSPECIFIED., .F., .F., .F. ) 
 B_SPLINE_SURFACE_WITH_KNOTS ( ( 4, 1, 1, 1, 1, 1, 1, 1, 1, 1, 4 ),
 ( 4, 4 ),
 ( 0.0000000000000000000, 0.1071159873694923492, 0.1759024594270574282, 0.3011769529442234750, 0.4034415318510881643, 0.4770160085687256690, 0.5597309333095714656, 0.6630082541131868679, 0.7764014494646825915, 0.8823898708439639194, 1.000000000000000000 ),
 ( 0.0000000000000000000, 1.000000000000000000 ),
 .UNSPECIFIED. ) 
 GEOMETRIC_REPRESENTATION_ITEM ( )  RATIONAL_B_SPLINE_SURFACE ( (
 ( 1.000000000000000000, 0.3333333333333292070, 0.3333333333333292070, 1.000000000000000000),
 ( 1.000000000000000000, 0.3333333333333292070, 0.3333333333333292070, 1.000000000000000000),
 ( 1.000000000000000000, 0.3333333333333292070, 0.3333333333333292070, 1.000000000000000000),
 ( 1.000000000000000000, 0.3333333333333292070, 0.3333333333333292070, 1.000000000000000000),
 ( 1.000000000000000000, 0.3333333333333292070, 0.3333333333333292070, 1.000000000000000000),
 ( 1.000000000000000000, 0.3333333333333292070, 0.3333333333333292070, 1.000000000000000000),
 ( 1.000000000000000000, 0.3333333333333292070, 0.3333333333333292070, 1.000000000000000000),
 ( 1.000000000000000000, 0.3333333333333292070, 0.3333333333333292070, 1.000000000000000000),
 ( 1.000000000000000000, 0.3333333333333292070, 0.3333333333333292070, 1.000000000000000000),
 ( 1.000000000000000000, 0.3333333333333292070, 0.3333333333333292070, 1.000000000000000000),
 ( 1.000000000000000000, 0.3333333333333292070, 0.3333333333333292070, 1.000000000000000000),
 ( 1.000000000000000000, 0.3333333333333292070, 0.3333333333333292070, 1.000000000000000000),
 ( 1.000000000000000000, 0.3333333333333292070, 0.3333333333333292070, 1.000000000000000000) ) ) 
 REPRESENTATION_ITEM ( '' )  SURFACE ( )  );
#1495 = ORIENTED_EDGE ( 'NONE', *, *, #1735, .T. ) ;
#1496 = AXIS2_PLACEMENT_3D ( 'NONE', #877, #1130, #197 ) ;
#1497 = DIRECTION ( 'NONE',  ( 0.0000000000000000000, 0.0000000000000000000, -1.000000000000000000 ) ) ;
#1498 = CARTESIAN_POINT ( 'NONE',  ( -0.5840921404569444642, 0.2009975671698490951, 1.168184280913860729 ) ) ;
#1499 = CYLINDRICAL_SURFACE ( 'NONE', #34, 0.6889763779527559029 ) ;
#1500 = CARTESIAN_POINT ( 'NONE',  ( 0.1377952755905511861, 0.04724409448818890633, 0.4703900695525311537 ) ) ;
#1501 = ORIENTED_EDGE ( 'NONE', *, *, #2522, .T. ) ;
#1502 = ORIENTED_EDGE ( 'NONE', *, *, #20, .F. ) ;
#1503 = CARTESIAN_POINT ( 'NONE',  ( 0.0000000000000000000, 0.1792173173961308374, 0.0000000000000000000 ) ) ;
#1504 =( LENGTH_UNIT ( ) NAMED_UNIT ( * ) SI_UNIT ( $, .METRE. ) );
#1505 = CARTESIAN_POINT ( 'NONE',  ( 0.2835429222470911004, 0.1759884926702385832, 0.0000000000000000000 ) ) ;
#1506 = ORIENTED_EDGE ( 'NONE', *, *, #1511, .F. ) ;
#1507 = PRODUCT_DEFINITION_CONTEXT ( 'detailed design', #2594, 'design' ) ;
#1508 = FACE_OUTER_BOUND ( 'NONE', #1562, .T. ) ;
#1509 = CARTESIAN_POINT ( 'NONE',  ( 0.5840921404569259234, 0.2009975671698490951, 1.168184280913870277 ) ) ;
#1510 = ORIENTED_EDGE ( 'NONE', *, *, #1142, .F. ) ;
#1511 = EDGE_CURVE ( 'NONE', #581, #1432, #188, .T. ) ;
#1512 = CARTESIAN_POINT ( 'NONE',  ( -0.2835429222470911004, 0.1759884926702385832, -3.472399321507869168E-17 ) ) ;
#1513 = AXIS2_PLACEMENT_3D ( 'NONE', #1840, #2675, #610 ) ;
#1514 = ORIENTED_EDGE ( 'NONE', *, *, #2304, .T. ) ;
#1515 = LENGTH_MEASURE_WITH_UNIT ( LENGTH_MEASURE( 0.02539999999999999897 ), #1504 );
#1516 = SURFACE_STYLE_USAGE ( .BOTH. , #1094 ) ;
#1517 = CARTESIAN_POINT ( 'NONE',  ( -0.5774765688416648723, 0.2002514002363757206, 1.172603072237427650E-14 ) ) ;
#1518 = PRESENTATION_LAYER_ASSIGNMENT (  '', '', ( #2564 ) ) ;
#1519 = ORIENTED_EDGE ( 'NONE', *, *, #752, .F. ) ;
#1520 = AXIS2_PLACEMENT_3D ( 'NONE', #437, #2010, #2489 ) ;
#1521 = PLANE ( 'NONE',  #366 ) ;
#1522 = FACE_OUTER_BOUND ( 'NONE', #1869, .T. ) ;
#1523 = VECTOR ( 'NONE', #2708, 39.37007874015748854 ) ;
#1524 = CARTESIAN_POINT ( 'NONE',  ( -0.2340157361994240626, 0.1884504031137650137, -2.865866222867360941E-17 ) ) ;
#1525 = CARTESIAN_POINT ( 'NONE',  ( -0.2017563611368419219, 0.02362204724409368989, 6.456692913385826849 ) ) ;
#1526 = VECTOR ( 'NONE', #855, 39.37007874015748143 ) ;
#1527 = CARTESIAN_POINT ( 'NONE',  ( 0.1526534748668499364, 0.2133667813475457753, 0.0000000000000000000 ) ) ;
#1528 = ADVANCED_FACE ( 'NONE', ( #1485 ), #350, .T. ) ;
#1529 = AXIS2_PLACEMENT_3D ( 'NONE', #2795, #1674, #114 ) ;
#1530 = VERTEX_POINT ( 'NONE', #1683 ) ;
#1531 = PRESENTATION_LAYER_ASSIGNMENT (  '', '', ( #2860 ) ) ;
#1532 =( LENGTH_UNIT ( ) NAMED_UNIT ( * ) SI_UNIT ( $, .METRE. ) );
#1533 =( CONVERSION_BASED_UNIT ( 'INCH', #192 ) LENGTH_UNIT ( ) NAMED_UNIT ( #446 ) );
#1534 = CARTESIAN_POINT ( 'NONE',  ( 0.4968772472354672787, 0.1726491269270444828, 0.0000000000000000000 ) ) ;
#1535 = AXIS2_PLACEMENT_3D ( 'NONE', #2448, #2710, #2690 ) ;
#1536 = EDGE_LOOP ( 'NONE', ( #169, #138, #178, #1847, #2562, #2734 ) ) ;
#1537 = MECHANICAL_DESIGN_GEOMETRIC_PRESENTATION_REPRESENTATION (  '', ( #2536 ), #2827 ) ;
#1538 = UNCERTAINTY_MEASURE_WITH_UNIT (LENGTH_MEASURE( 1.000000000000000082E-05 ), #2062, 'distance_accuracy_value', 'NONE');
#1539 = CARTESIAN_POINT ( 'NONE',  ( -0.1248730613234729087, 0.2197697315699903842, 8.719839266702398163E-16 ) ) ;
#1540 = CIRCLE ( 'NONE', #2440, 0.6473990711985351254 ) ;
#1541 = UNCERTAINTY_MEASURE_WITH_UNIT (LENGTH_MEASURE( 1.000000000000000082E-05 ), #1133, 'distance_accuracy_value', 'NONE');
#1542 = DIRECTION ( 'NONE',  ( -1.000000000000000000, 0.0000000000000000000, 0.0000000000000000000 ) ) ;
#1543 = CARTESIAN_POINT ( 'NONE',  ( -0.1188779279662752625, 0.2044455008525815354, -1.862292525867771128E-15 ) ) ;
#1544 = CARTESIAN_POINT ( 'NONE',  ( -0.2017563611368419219, 0.04724409448818891327, 0.3543307086614174151 ) ) ;
#1545 = CARTESIAN_POINT ( 'NONE',  ( 0.5048490075825999845, 0.1527336767782170868, 0.0000000000000000000 ) ) ;
#1546 = ADVANCED_FACE ( 'NONE', ( #2846 ), #1960, .F. ) ;
#1547 = LENGTH_MEASURE_WITH_UNIT ( LENGTH_MEASURE( 0.02539999999999999897 ), #2395 );
#1548 = DIRECTION ( 'NONE',  ( 0.0000000000000000000, 0.0000000000000000000, 1.000000000000000000 ) ) ;
#1549 = ADVANCED_FACE ( 'NONE', ( #1230 ), #1499, .T. ) ;
#1550 =( LENGTH_UNIT ( ) NAMED_UNIT ( * ) SI_UNIT ( $, .METRE. ) );
#1551 = CARTESIAN_POINT ( 'NONE',  ( -0.4935253958794301732, 0.1736395245305357715, 1.002134851282746336E-14 ) ) ;
#1552 = EDGE_LOOP ( 'NONE', ( #1736, #627 ) ) ;
#1553 = CARTESIAN_POINT ( 'NONE',  ( -0.2015121395937424509, 0.2191190094240818009, 1.407151749883808360E-15 ) ) ;
#1554 = SURFACE_STYLE_FILL_AREA ( #1355 ) ;
#1555 = CARTESIAN_POINT ( 'NONE',  ( 0.5244376210029487728, 0.1752257874575956775, 0.0000000000000000000 ) ) ;
#1556 = CARTESIAN_POINT ( 'NONE',  ( 0.2541874638491186111, 0.1801050991141626700, 6.225797279724140381E-17 ) ) ;
#1557 = CARTESIAN_POINT ( 'NONE',  ( 0.0000000000000000000, 0.1850393700787402174, 0.0000000000000000000 ) ) ;
#1558 = FILL_AREA_STYLE_COLOUR ( '', #927 ) ;
#1559 =( NAMED_UNIT ( * ) SI_UNIT ( $, .STERADIAN. ) SOLID_ANGLE_UNIT ( ) );
#1560 = CARTESIAN_POINT ( 'NONE',  ( -0.5577006046711265874, 0.1940278485340355408, 1.132446713358062044E-14 ) ) ;
#1561 = EDGE_CURVE ( 'NONE', #2206, #1846, #1468, .T. ) ;
#1562 = EDGE_LOOP ( 'NONE', ( #1489, #537, #1478, #1606 ) ) ;
#1563 = DIRECTION ( 'NONE',  ( -1.000000000000000000, 0.0000000000000000000, 0.0000000000000000000 ) ) ;
#1564 =( NAMED_UNIT ( * ) SI_UNIT ( $, .STERADIAN. ) SOLID_ANGLE_UNIT ( ) );
#1565 = CIRCLE ( 'NONE', #298, 0.6889763779527559029 ) ;
#1566 = LINE ( 'NONE', #1136, #926 ) ;
#1567 = CARTESIAN_POINT ( 'NONE',  ( 0.5037251400172224614, 0.1715256334014943485, 0.0000000000000000000 ) ) ;
#1568 = CARTESIAN_POINT ( 'NONE',  ( 0.3828783613019211551, 0.2169911204086174827, 0.7657567226038546337 ) ) ;
#1569 = AXIS2_PLACEMENT_3D ( 'NONE', #1212, #2114, #333 ) ;
#1570 =( NAMED_UNIT ( * ) SI_UNIT ( $, .STERADIAN. ) SOLID_ANGLE_UNIT ( ) );
#1571 = DIRECTION ( 'NONE',  ( -0.0000000000000000000, -1.000000000000000000, -0.0000000000000000000 ) ) ;
#1572 = AXIS2_PLACEMENT_3D ( 'NONE', #2630, #1998, #866 ) ;
#1573 = LINE ( 'NONE', #888, #2467 ) ;
#1574 = DIMENSIONAL_EXPONENTS ( 1.000000000000000000, 0.0000000000000000000, 0.0000000000000000000, 0.0000000000000000000, 0.0000000000000000000, 0.0000000000000000000, 0.0000000000000000000 ) ;
#1575 = CIRCLE ( 'NONE', #1150, 0.6498533826253535262 ) ;
#1576 = DIRECTION ( 'NONE',  ( -0.0000000000000000000, -1.000000000000000000, -0.0000000000000000000 ) ) ;
#1577 = DIRECTION ( 'NONE',  ( -0.0000000000000000000, -0.0000000000000000000, -1.000000000000000000 ) ) ;
#1578 = CARTESIAN_POINT ( 'NONE',  ( -0.5072513846145755290, 0.1714163075617459175, 1.030006348463337506E-14 ) ) ;
#1579 = ORIENTED_EDGE ( 'NONE', *, *, #2694, .F. ) ;
#1580 = EDGE_CURVE ( 'NONE', #778, #581, #405, .T. ) ;
#1581 = AXIS2_PLACEMENT_3D ( 'NONE', #1609, #631, #1371 ) ;
#1582 =( GEOMETRIC_REPRESENTATION_CONTEXT ( 3 ) GLOBAL_UNCERTAINTY_ASSIGNED_CONTEXT ( ( #1326 ) ) GLOBAL_UNIT_ASSIGNED_CONTEXT ( ( #1985, #1122, #1831 ) ) REPRESENTATION_CONTEXT ( 'NONE', 'WORKASPACE' ) );
#1583 = CARTESIAN_POINT ( 'NONE',  ( 0.3270562637535300299, 0.1890627244617311964, 8.010568130937069246E-17 ) ) ;
#1584 = DIRECTION ( 'NONE',  ( 0.0000000000000000000, 1.000000000000000000, 0.0000000000000000000 ) ) ;
#1585 = SURFACE_SIDE_STYLE ('',( #233 ) ) ;
#1586 = CARTESIAN_POINT ( 'NONE',  ( 0.6302045854340951880, 0.1948828173099276528, 0.0000000000000000000 ) ) ;
#1587 = DIRECTION ( 'NONE',  ( 0.0000000000000000000, 0.0000000000000000000, 1.000000000000000000 ) ) ;
#1588 = CARTESIAN_POINT ( 'NONE',  ( -0.5976332166263950141, 0.2002440315600765852, 1.213532433520071871E-14 ) ) ;
#1589 = ORIENTED_EDGE ( 'NONE', *, *, #913, .T. ) ;
#1590 = DIRECTION ( 'NONE',  ( 0.0000000000000000000, 0.0000000000000000000, 1.000000000000000000 ) ) ;
#1591 = DIMENSIONAL_EXPONENTS ( 1.000000000000000000, 0.0000000000000000000, 0.0000000000000000000, 0.0000000000000000000, 0.0000000000000000000, 0.0000000000000000000, 0.0000000000000000000 ) ;
#1592 = CARTESIAN_POINT ( 'NONE',  ( 7.537833443782058891E-17, 0.07086614173228340807, -0.6155108108746286666 ) ) ;
#1593 = CARTESIAN_POINT ( 'NONE',  ( 0.07066818080894340937, 0.1740677082108597895, 0.0000000000000000000 ) ) ;
#1594 = CARTESIAN_POINT ( 'NONE',  ( 0.0000000000000000000, 0.1761389434064651038, 0.0000000000000000000 ) ) ;
#1595 = CARTESIAN_POINT ( 'NONE',  ( 0.5072513846145755290, 0.1714163075617459175, 0.0000000000000000000 ) ) ;
#1596 = CARTESIAN_POINT ( 'NONE',  ( -0.3828783613019333121, 0.2169911204086174827, 0.7657567226038485275 ) ) ;
#1597 = PRODUCT_DEFINITION_SHAPE ( 'NONE', 'NONE',  #337 ) ;
#1598 = DIRECTION ( 'NONE',  ( -0.0000000000000000000, -1.000000000000000000, -0.0000000000000000000 ) ) ;
#1599 = EDGE_CURVE ( 'NONE', #1530, #981, #554, .T. ) ;
#1600 = DIRECTION ( 'NONE',  ( 0.0000000000000000000, 1.000000000000000000, 0.0000000000000000000 ) ) ;
#1601 = DIRECTION ( 'NONE',  ( 0.0000000000000000000, 1.000000000000000000, 0.0000000000000000000 ) ) ;
#1602 = CARTESIAN_POINT ( 'NONE',  ( 0.2017563611368419219, 0.02362204724409442194, 0.3543307086614174151 ) ) ;
#1603 = CARTESIAN_POINT ( 'NONE',  ( 0.7086614173228348301, 0.1850393700787402174, 0.0000000000000000000 ) ) ;
#1604 = SURFACE_SIDE_STYLE ('',( #716 ) ) ;
#1605 = CARTESIAN_POINT ( 'NONE',  ( 0.5840921404569262565, 0.2009975671698491506, -1.168184280913876272 ) ) ;
#1606 = ORIENTED_EDGE ( 'NONE', *, *, #2446, .F. ) ;
#1607 = DIRECTION ( 'NONE',  ( -1.000000000000000000, 0.0000000000000000000, 0.0000000000000000000 ) ) ;
#1608 = ORIENTED_EDGE ( 'NONE', *, *, #1045, .T. ) ;
#1609 = CARTESIAN_POINT ( 'NONE',  ( 0.0000000000000000000, 0.1181102362204724532, 0.0000000000000000000 ) ) ;
#1610 = ORIENTED_EDGE ( 'NONE', *, *, #2915, .T. ) ;
#1611 = CARTESIAN_POINT ( 'NONE',  ( 0.3681861936811545721, 0.2251810377203327940, 0.7363723873623190253 ) ) ;
#1612 = SURFACE_STYLE_USAGE ( .BOTH. , #572 ) ;
#1613 = CARTESIAN_POINT ( 'NONE',  ( -0.4452096005735032280, 0.2026402650630561575, -6.974469742001417382E-15 ) ) ;
#1614 =( NAMED_UNIT ( * ) PLANE_ANGLE_UNIT ( ) SI_UNIT ( $, .RADIAN. ) );
#1615 = VECTOR ( 'NONE', #2376, 39.37007874015748854 ) ;
#1616 = CARTESIAN_POINT ( 'NONE',  ( 0.0000000000000000000, 0.1769517321540278465, 0.0000000000000000000 ) ) ;
#1617 = CARTESIAN_POINT ( 'NONE',  ( 0.0000000000000000000, 0.1792173173961308374, 0.6498533826253535262 ) ) ;
#1618 = CARTESIAN_POINT ( 'NONE',  ( 0.07547182874134635011, 0.1791388495331930064, -0.1509436574826958088 ) ) ;
#1619 = EDGE_CURVE ( 'NONE', #87, #2299, #2000, .T. ) ;
#1620 = CIRCLE ( 'NONE', #1191, 0.01968503937007875723 ) ;
#1621 = CARTESIAN_POINT ( 'NONE',  ( 0.2017563611368419219, -7.256471233170699482E-17, 0.3543307086614174151 ) ) ;
#1622 = COLOUR_RGB ( '',0.4117647058823529216, 0.4117647058823529216, 0.4117647058823529216 ) ;
#1623 = DIRECTION ( 'NONE',  ( 0.0000000000000000000, 0.0000000000000000000, 1.000000000000000000 ) ) ;
#1624 = EDGE_LOOP ( 'NONE', ( #504, #2811, #2406, #829 ) ) ;
#1625 = EDGE_LOOP ( 'NONE', ( #944, #1963 ) ) ;
#1626 = COLOUR_RGB ( '',1.000000000000000000, 0.0000000000000000000, 0.0000000000000000000 ) ;
#1627 = AXIS2_PLACEMENT_3D ( 'NONE', #1440, #2340, #2504 ) ;
#1628 = ORIENTED_EDGE ( 'NONE', *, *, #1802, .T. ) ;
#1629 = MECHANICAL_DESIGN_GEOMETRIC_PRESENTATION_REPRESENTATION (  '', ( #841 ), #312 ) ;
#1630 = CARTESIAN_POINT ( 'NONE',  ( -0.6498533826253700685, 0.1792173173961308652, 1.299706765250715046 ) ) ;
#1631 =( LENGTH_UNIT ( ) NAMED_UNIT ( * ) SI_UNIT ( $, .METRE. ) );
#1632 = CARTESIAN_POINT ( 'NONE',  ( -0.5072513846145755290, 0.1714163075617459175, -7.946390709062427773E-15 ) ) ;
#1633 = APPLICATION_PROTOCOL_DEFINITION ( 'draft international standard', 'automotive_design', 1998, #750 ) ;
#1634 = AXIS2_PLACEMENT_3D ( 'NONE', #1772, #670, #1319 ) ;
#1635 = DIRECTION ( 'NONE',  ( 0.0000000000000000000, 0.0000000000000000000, 1.000000000000000000 ) ) ;
#1636 = CARTESIAN_POINT ( 'NONE',  ( 0.002544939712856287423, 0.1730616638885684178, 0.0000000000000000000 ) ) ;
#1637 = CARTESIAN_POINT ( 'NONE',  ( -0.07547182874134870934, 0.1791388495331930342, 0.1509436574826938937 ) ) ;
#1638 = DIMENSIONAL_EXPONENTS ( 1.000000000000000000, 0.0000000000000000000, 0.0000000000000000000, 0.0000000000000000000, 0.0000000000000000000, 0.0000000000000000000, 0.0000000000000000000 ) ;
#1639 = AXIS2_PLACEMENT_3D ( 'NONE', #2812, #1881, #1672 ) ;
#1640 = FILL_AREA_STYLE_COLOUR ( '', #2390 ) ;
#1641 = FACE_OUTER_BOUND ( 'NONE', #1340, .T. ) ;
#1642 = FACE_OUTER_BOUND ( 'NONE', #1419, .T. ) ;
#1643 = CARTESIAN_POINT ( 'NONE',  ( 0.0000000000000000000, 0.07086614173228340807, 0.0000000000000000000 ) ) ;
#1644 = VERTEX_POINT ( 'NONE', #2152 ) ;
#1645 = ADVANCED_FACE ( 'NONE', ( #918 ), #2496, .T. ) ;
#1646 = ORIENTED_EDGE ( 'NONE', *, *, #1896, .T. ) ;
#1647 = DIRECTION ( 'NONE',  ( 0.0000000000000000000, 0.0000000000000000000, 1.000000000000000000 ) ) ;
#1648 = ORIENTED_EDGE ( 'NONE', *, *, #2044, .T. ) ;
#1649 = B_SPLINE_CURVE_WITH_KNOTS ( 'NONE', 3,
 ( #2687, #1358, #2264, #2034, #1681, #726, #2519, #1438, #1185, #104, #59, #1413, #761 ),
 .UNSPECIFIED., .F., .F.,
 ( 4, 1, 1, 1, 1, 1, 1, 1, 1, 1, 4 ),
 ( 0.0000000000000000000, 0.1071159873694923492, 0.1759024594270574282, 0.3011769529442234750, 0.4034415318510881643, 0.4770160085687256690, 0.5597309333095714656, 0.6630082541131868679, 0.7764014494646825915, 0.8823898708439639194, 1.000000000000000000 ),
 .UNSPECIFIED. ) ;
#1650 = CARTESIAN_POINT ( 'NONE',  ( 0.2015121395937424509, 0.2191190094240818009, 4.935623934856205549E-17 ) ) ;
#1651 = CARTESIAN_POINT ( 'NONE',  ( 0.5577006046711265874, 0.1940278485340355408, 1.365972520786074084E-16 ) ) ;
#1652 = DIRECTION ( 'NONE',  ( 0.0000000000000000000, 0.0000000000000000000, 1.000000000000000000 ) ) ;
#1653 = DIRECTION ( 'NONE',  ( 0.0000000000000000000, 0.0000000000000000000, 1.000000000000000000 ) ) ;
#1654 = PLANE ( 'NONE',  #2199 ) ;
#1655 = DIRECTION ( 'NONE',  ( 0.0000000000000000000, 1.000000000000000000, 0.0000000000000000000 ) ) ;
#1656 = FACE_OUTER_BOUND ( 'NONE', #816, .T. ) ;
#1657 = ORIENTED_EDGE ( 'NONE', *, *, #431, .F. ) ;
#1658 = EDGE_LOOP ( 'NONE', ( #190, #1027, #1610, #1407, #1753, #575 ) ) ;
#1659 = DIRECTION ( 'NONE',  ( 0.0000000000000000000, 0.7819069933750968371, 0.6233951024118781215 ) ) ;
#1660 = EDGE_CURVE ( 'NONE', #689, #67, #1070, .T. ) ;
#1661 = EDGE_LOOP ( 'NONE', ( #1436, #858 ) ) ;
#1662 = CARTESIAN_POINT ( 'NONE',  ( -0.02664350457559374469, 0.1732912337363215760, -3.345614893087916292E-16 ) ) ;
#1663 = CARTESIAN_POINT ( 'NONE',  ( -0.4935253958794454943, 0.1736395245305357438, 0.9870507917588678959 ) ) ;
#1664 = DIRECTION ( 'NONE',  ( 0.0000000000000000000, 0.0000000000000000000, -1.000000000000000000 ) ) ;
#1665 = LINE ( 'NONE', #2104, #1392 ) ;
#1666 = CARTESIAN_POINT ( 'NONE',  ( -0.2017563611368419219, -7.256471233170699482E-17, 0.3543307086614174151 ) ) ;
#1667 = SURFACE_SIDE_STYLE ('',( #2588 ) ) ;
#1668 = DIRECTION ( 'NONE',  ( 0.0000000000000000000, -1.241126171134722389E-16, 1.000000000000000000 ) ) ;
#1669 = CARTESIAN_POINT ( 'NONE',  ( 3.116652273372436337E-19, 0.1730616638885684178, -0.002544939712856287423 ) ) ;
#1670 = EDGE_LOOP ( 'NONE', ( #1744, #66 ) ) ;
#1671 = CARTESIAN_POINT ( 'NONE',  ( 0.08220151307805520502, 0.1824535550159782360, 0.0000000000000000000 ) ) ;
#1672 = DIRECTION ( 'NONE',  ( 0.0000000000000000000, 0.0000000000000000000, -1.000000000000000000 ) ) ;
#1673 = VERTEX_POINT ( 'NONE', #933 ) ;
#1674 = DIRECTION ( 'NONE',  ( -0.0000000000000000000, -0.0000000000000000000, -1.000000000000000000 ) ) ;
#1675 = VECTOR ( 'NONE', #1755, 39.37007874015748143 ) ;
#1676 = CARTESIAN_POINT ( 'NONE',  ( 0.2541874638491186111, 0.1801050991141626978, -0.5083749276982481025 ) ) ;
#1677 = AXIS2_PLACEMENT_3D ( 'NONE', #2420, #245, #2252 ) ;
#1678 = VERTEX_POINT ( 'NONE', #1058 ) ;
#1679 = EDGE_CURVE ( 'NONE', #1693, #2260, #1157, .T. ) ;
#1680 = CARTESIAN_POINT ( 'NONE',  ( 0.4646349288882148376, 0.1899664698011723496, 1.138027356870019978E-16 ) ) ;
#1681 = CARTESIAN_POINT ( 'NONE',  ( 0.2015121395937424509, 0.2191190094240818009, 0.0000000000000000000 ) ) ;
#1682 = EDGE_CURVE ( 'NONE', #2068, #340, #2432, .T. ) ;
#1683 = CARTESIAN_POINT ( 'NONE',  ( 0.0000000000000000000, 0.1769517321540278465, 0.003151074920650226863 ) ) ;
#1684 = CIRCLE ( 'NONE', #607, 0.002544939712856287423 ) ;
#1685 = CYLINDRICAL_SURFACE ( 'NONE', #1677, 0.02362204724409449480 ) ;
#1686 = FACE_BOUND ( 'NONE', #869, .T. ) ;
#1687 = AXIS2_PLACEMENT_3D ( 'NONE', #2017, #1777, #2495 ) ;
#1688 = CARTESIAN_POINT ( 'NONE',  ( 8.678599364036363824E-17, 0.1850393700787401619, 0.7086614173228348301 ) ) ;
#1689 = ORIENTED_EDGE ( 'NONE', *, *, #2417, .T. ) ;
#1690 = SURFACE_STYLE_FILL_AREA ( #814 ) ;
#1691 = CARTESIAN_POINT ( 'NONE',  ( 0.3575423883091309873, 0.2083538137197429863, -0.7150847766182766296 ) ) ;
#1692 = CARTESIAN_POINT ( 'NONE',  ( 0.08220151307805520502, 0.1824535550159782360, 0.0000000000000000000 ) ) ;
#1693 = VERTEX_POINT ( 'NONE', #850 ) ;
#1694 = CARTESIAN_POINT ( 'NONE',  ( -0.1128185154074831387, 0.2012665611251220898, 2.290852043355416871E-15 ) ) ;
#1695 = UNCERTAINTY_MEASURE_WITH_UNIT (LENGTH_MEASURE( 1.000000000000000082E-05 ), #1716, 'distance_accuracy_value', 'NONE');
#1696 = PRESENTATION_STYLE_ASSIGNMENT (( #1301 ) ) ;
#1697 = CARTESIAN_POINT ( 'NONE',  ( 0.5072513846145755290, 0.1714163075617459175, 1.014502769229167045 ) ) ;
#1698 = APPLICATION_PROTOCOL_DEFINITION ( 'draft international standard', 'automotive_design', 1998, #2594 ) ;
#1699 = EDGE_CURVE ( 'NONE', #1673, #53, #2645, .T. ) ;
#1700 = DIRECTION ( 'NONE',  ( 0.0000000000000000000, 1.000000000000000000, 0.0000000000000000000 ) ) ;
#1701 = CARTESIAN_POINT ( 'NONE',  ( 0.03171989902676155409, 0.1701238011403936046, 0.06343979805352412127 ) ) ;
#1702 = ADVANCED_FACE ( 'NONE', ( #1980 ), #2415, .T. ) ;
#1703 = CARTESIAN_POINT ( 'NONE',  ( 0.2017563611368419219, 0.04724409448818891327, 0.3543307086614174151 ) ) ;
#1704 = EDGE_LOOP ( 'NONE', ( #2128, #2671, #783, #520 ) ) ;
#1705 = DIRECTION ( 'NONE',  ( 0.0000000000000000000, 0.0000000000000000000, 1.000000000000000000 ) ) ;
#1706 = CARTESIAN_POINT ( 'NONE',  ( -0.2541874638491289362, 0.1801050991141626978, -0.5083749276982423293 ) ) ;
#1707 = ORIENTED_EDGE ( 'NONE', *, *, #2216, .F. ) ;
#1708 = CARTESIAN_POINT ( 'NONE',  ( -0.2618110236220472231, 0.06692913385826765316, 0.4143782612766829243 ) ) ;
#1709 = CARTESIAN_POINT ( 'NONE',  ( 0.6245322372807143863, 0.1919565535483954699, 1.249064474561448534 ) ) ;
#1710 =( NAMED_UNIT ( * ) PLANE_ANGLE_UNIT ( ) SI_UNIT ( $, .RADIAN. ) );
#1711 =( NAMED_UNIT ( * ) SI_UNIT ( $, .STERADIAN. ) SOLID_ANGLE_UNIT ( ) );
#1712 = ADVANCED_FACE ( 'NONE', ( #621 ), #1763, .T. ) ;
#1713 = CARTESIAN_POINT ( 'NONE',  ( 0.0000000000000000000, 0.0000000000000000000, 0.0000000000000000000 ) ) ;
#1714 = PLANE ( 'NONE',  #124 ) ;
#1715 = AXIS2_PLACEMENT_3D ( 'NONE', #1713, #1209, #2157 ) ;
#1716 =( CONVERSION_BASED_UNIT ( 'INCH', #795 ) LENGTH_UNIT ( ) NAMED_UNIT ( #549 ) );
#1717 = EDGE_LOOP ( 'NONE', ( #1989, #2211, #1277, #2113 ) ) ;
#1718 = CARTESIAN_POINT ( 'NONE',  ( -0.002544939712856287423, 0.1730616638885684178, -3.979759262938141275E-17 ) ) ;
#1719 = CARTESIAN_POINT ( 'NONE',  ( 0.3970226135135844214, 0.2179467151214115883, 0.0000000000000000000 ) ) ;
#1720 = ORIENTED_EDGE ( 'NONE', *, *, #2144, .F. ) ;
#1721 = AXIS2_PLACEMENT_3D ( 'NONE', #656, #890, #1108 ) ;
#1722 = PRESENTATION_LAYER_ASSIGNMENT (  '', '', ( #2328 ) ) ;
#1723 = CARTESIAN_POINT ( 'NONE',  ( -0.1812694662921827127, 0.2109797255334494304, -2.839692599115115520E-15 ) ) ;
#1724 = CIRCLE ( 'NONE', #2658, 0.006889763779527552021 ) ;
#1725 = CARTESIAN_POINT ( 'NONE',  ( 8.678599364036363824E-17, 0.0000000000000000000, 0.7086614173228348301 ) ) ;
#1726 = VECTOR ( 'NONE', #1273, 39.37007874015748143 ) ;
#1727 = SURFACE_STYLE_USAGE ( .BOTH. , #2345 ) ;
#1728 = COLOUR_RGB ( '',0.2509803921568627416, 0.2509803921568627416, 0.2509803921568627416 ) ;
#1729 = ORIENTED_EDGE ( 'NONE', *, *, #2070, .F. ) ;
#1730 = ORIENTED_EDGE ( 'NONE', *, *, #342, .F. ) ;
#1731 = CARTESIAN_POINT ( 'NONE',  ( -0.2421259842519685457, 0.04724409448818890633, 0.2586991666985375415 ) ) ;
#1732 = PLANE ( 'NONE',  #1721 ) ;
#1733 =( GEOMETRIC_REPRESENTATION_CONTEXT ( 3 ) GLOBAL_UNCERTAINTY_ASSIGNED_CONTEXT ( ( #274 ) ) GLOBAL_UNIT_ASSIGNED_CONTEXT ( ( #1781, #1375, #1993 ) ) REPRESENTATION_CONTEXT ( 'NONE', 'WORKASPACE' ) );
#1734 = CARTESIAN_POINT ( 'NONE',  ( -0.2759397049009063019, 0.1758680113019952251, -0.5518794098017959504 ) ) ;
#1735 = EDGE_CURVE ( 'NONE', #1180, #1748, #2479, .T. ) ;
#1736 = ORIENTED_EDGE ( 'NONE', *, *, #2266, .T. ) ;
#1737 = CARTESIAN_POINT ( 'NONE',  ( -0.1188779279662800920, 0.2044455008525815076, -0.2377558559325530230 ) ) ;
#1738 = CARTESIAN_POINT ( 'NONE',  ( 0.0000000000000000000, 0.2362204724409448509, -0.6496062992125983815 ) ) ;
#1739 = CARTESIAN_POINT ( 'NONE',  ( -0.5774765688416648723, 0.2002514002363757206, -9.046509443895162093E-15 ) ) ;
#1740 = VERTEX_POINT ( 'NONE', #1310 ) ;
#1741 = CARTESIAN_POINT ( 'NONE',  ( 0.1188779279662752070, 0.2044455008525815354, 0.2377558559325541887 ) ) ;
#1742 =( NAMED_UNIT ( * ) SI_UNIT ( $, .STERADIAN. ) SOLID_ANGLE_UNIT ( ) );
#1743 = DIRECTION ( 'NONE',  ( 0.0000000000000000000, 0.0000000000000000000, 1.000000000000000000 ) ) ;
#1744 = ORIENTED_EDGE ( 'NONE', *, *, #602, .T. ) ;
#1745 = DIRECTION ( 'NONE',  ( 0.0000000000000000000, 0.0000000000000000000, 1.000000000000000000 ) ) ;
#1746 = FILL_AREA_STYLE_COLOUR ( '', #1622 ) ;
#1747 = CARTESIAN_POINT ( 'NONE',  ( 0.5774765688416648723, 0.2002514002363757206, 0.0000000000000000000 ) ) ;
#1748 = VERTEX_POINT ( 'NONE', #1144 ) ;
#1749 = EDGE_CURVE ( 'NONE', #1013, #491, #1093, .T. ) ;
#1750 = CARTESIAN_POINT ( 'NONE',  ( 0.6473990711985349034, 0.1761389434064650761, 1.294798142397090457 ) ) ;
#1751 = CARTESIAN_POINT ( 'NONE',  ( -0.2611919843673859432, 0.1779030232833283820, -3.198679276184647212E-17 ) ) ;
#1752 = CARTESIAN_POINT ( 'NONE',  ( 0.1526534748668498531, 0.2133667813475458030, 0.3053069497337044802 ) ) ;
#1753 = ORIENTED_EDGE ( 'NONE', *, *, #2851, .F. ) ;
#1754 =( NAMED_UNIT ( * ) PLANE_ANGLE_UNIT ( ) SI_UNIT ( $, .RADIAN. ) );
#1755 = DIRECTION ( 'NONE',  ( 8.952844942534375251E-17, -0.6823182503600125903, 0.7310552682428675952 ) ) ;
#1756 = CARTESIAN_POINT ( 'NONE',  ( -0.4646349288882337669, 0.1899664698011723496, -0.9292698577764392232 ) ) ;
#1757 = PRESENTATION_LAYER_ASSIGNMENT (  '', '', ( #246 ) ) ;
#1758 = ORIENTED_EDGE ( 'NONE', *, *, #1749, .T. ) ;
#1759 =( NAMED_UNIT ( * ) PLANE_ANGLE_UNIT ( ) SI_UNIT ( $, .RADIAN. ) );
#1760 = CARTESIAN_POINT ( 'NONE',  ( -0.07066818080894340937, 0.1740677082108597895, 4.934732690888367750E-16 ) ) ;
#1761 = AXIS2_PLACEMENT_3D ( 'NONE', #327, #163, #1471 ) ;
#1762 = EDGE_CURVE ( 'NONE', #2063, #1432, #1820, .T. ) ;
#1763 = CYLINDRICAL_SURFACE ( 'NONE', #2474, 0.02362204724409449480 ) ;
#1764 = VECTOR ( 'NONE', #64, 39.37007874015748143 ) ;
#1765 = CARTESIAN_POINT ( 'NONE',  ( 0.4935253958794301732, 0.1736395245305357715, 0.0000000000000000000 ) ) ;
#1766 = ADVANCED_FACE ( 'NONE', ( #2667 ), #2903, .F. ) ;
#1767 = CIRCLE ( 'NONE', #179, 0.02362204724409448092 ) ;
#1768 = CARTESIAN_POINT ( 'NONE',  ( 0.5752846546625653978, 0.2221494232238619415, -1.150569309325139011 ) ) ;
#1769 = AXIS2_PLACEMENT_3D ( 'NONE', #397, #854, #1972 ) ;
#1770 = MECHANICAL_DESIGN_GEOMETRIC_PRESENTATION_REPRESENTATION (  '', ( #184 ), #1818 ) ;
#1771 = DIRECTION ( 'NONE',  ( 0.0000000000000000000, 1.000000000000000000, 0.0000000000000000000 ) ) ;
#1772 = CARTESIAN_POINT ( 'NONE',  ( 0.0000000000000000000, 0.1730616638885684178, 0.0000000000000000000 ) ) ;
#1773 = CARTESIAN_POINT ( 'NONE',  ( 0.5444453428435599429, 0.1849614402069369445, 0.0000000000000000000 ) ) ;
#1774 = VECTOR ( 'NONE', #2864, 39.37007874015748143 ) ;
#1775 = ORIENTED_EDGE ( 'NONE', *, *, #2413, .T. ) ;
#1776 = COLOUR_RGB ( '',0.2509803921568627416, 0.2509803921568627416, 0.2509803921568627416 ) ;
#1777 = DIRECTION ( 'NONE',  ( -0.0000000000000000000, -1.000000000000000000, -0.0000000000000000000 ) ) ;
#1778 = CARTESIAN_POINT ( 'NONE',  ( 0.07066818080894340937, 0.1740677082108597895, -0.1413363616178878457 ) ) ;
#1779 = VECTOR ( 'NONE', #2655, 39.37007874015748143 ) ;
#1780 = UNCERTAINTY_MEASURE_WITH_UNIT (LENGTH_MEASURE( 1.000000000000000082E-05 ), #1259, 'distance_accuracy_value', 'NONE');
#1781 =( CONVERSION_BASED_UNIT ( 'INCH', #2721 ) LENGTH_UNIT ( ) NAMED_UNIT ( #2813 ) );
#1782 = CARTESIAN_POINT ( 'NONE',  ( 0.2611919843673859432, 0.1779030232833283820, 0.0000000000000000000 ) ) ;
#1783 = CARTESIAN_POINT ( 'NONE',  ( 0.4452096005735030615, 0.2026402650630561297, 0.8904192011470202228 ) ) ;
#1784 = CARTESIAN_POINT ( 'NONE',  ( 0.0000000000000000000, 0.04724409448818890633, 0.0000000000000000000 ) ) ;
#1785 = DIRECTION ( 'NONE',  ( 0.0000000000000000000, 0.0000000000000000000, 1.000000000000000000 ) ) ;
#1786 = CARTESIAN_POINT ( 'NONE',  ( -0.5752846546625733914, 0.2221494232238619415, -1.150569309325135237 ) ) ;
#1787 = ADVANCED_FACE ( 'NONE', ( #2731 ), #363, .T. ) ;
#1788 = CARTESIAN_POINT ( 'NONE',  ( -0.2017563611368419219, 0.04724409448818891327, 0.3543307086614174151 ) ) ;
#1789 = B_SPLINE_CURVE_WITH_KNOTS ( 'NONE', 3,
 ( #2909, #893, #905, #2350, #331, #2508, #2061, #1402, #2076, #1351, #2257, #17, #51, #281, #751, #2311, #862, #2360, #1524, #567, #1751, #552, #1512, #406, #2787, #2179, #874, #791, #2327, #1305, #172, #2208, #776, #1979, #1076, #2884, #389, #1446, #107, #1286, #531, #311, #1003, #1958, #1904, #2808, #2863, #849, #852, #2255, #14, #901 ),
 .UNSPECIFIED., .F., .F.,
 ( 4, 2, 2, 2, 2, 2, 2, 2, 2, 2, 2, 2, 2, 2, 2, 2, 2, 2, 2, 2, 2, 2, 2, 2, 2, 4 ),
 ( 0.0000000000000000000, 0.06250000000000005551, 0.09375000000000009714, 0.1250000000000001388, 0.1562500000000001943, 0.1875000000000002220, 0.2500000000000003331, 0.2812500000000003886, 0.3125000000000003886, 0.3750000000000002776, 0.4062500000000001665, 0.4375000000000001110, 0.4687500000000000000, 0.4999999999999999445, 0.5624999999999994449, 0.6249999999999990008, 0.6562499999999988898, 0.6874999999999987788, 0.7499999999999988898, 0.7656249999999990008, 0.7812499999999991118, 0.8124999999999991118, 0.8749999999999994449, 0.9062499999999995559, 0.9374999999999996669, 1.000000000000000000 ),
 .UNSPECIFIED. ) ;
#1790 = SURFACE_STYLE_USAGE ( .BOTH. , #225 ) ;
#1791 = CARTESIAN_POINT ( 'NONE',  ( 0.0000000000000000000, 0.07086614173228340807, 0.0000000000000000000 ) ) ;
#1792 = CARTESIAN_POINT ( 'NONE',  ( 0.1377952755905512139, 0.04724409448818890633, 0.5998883398837377978 ) ) ;
#1793 = CARTESIAN_POINT ( 'NONE',  ( -0.3970226135136005752, 0.2179467151214115606, -0.7940452270271770585 ) ) ;
#1794 = ORIENTED_EDGE ( 'NONE', *, *, #2433, .F. ) ;
#1795 = ORIENTED_EDGE ( 'NONE', *, *, #1561, .F. ) ;
#1796 = DIRECTION ( 'NONE',  ( -0.0000000000000000000, -1.000000000000000000, -0.0000000000000000000 ) ) ;
#1797 = DIRECTION ( 'NONE',  ( 0.0000000000000000000, 0.0000000000000000000, -1.000000000000000000 ) ) ;
#1798 = CARTESIAN_POINT ( 'NONE',  ( -0.2835429222470999266, 0.1759884926702385832, 0.5670858444941864196 ) ) ;
#1799 = DIRECTION ( 'NONE',  ( 0.0000000000000000000, -1.000000000000000000, 0.0000000000000000000 ) ) ;
#1800 = DIRECTION ( 'NONE',  ( 0.0000000000000000000, -1.000000000000000000, 0.0000000000000000000 ) ) ;
#1801 = PRESENTATION_STYLE_ASSIGNMENT (( #2524 ) ) ;
#1802 = EDGE_CURVE ( 'NONE', #2125, #1644, #1343, .T. ) ;
#1803 =( NAMED_UNIT ( * ) PLANE_ANGLE_UNIT ( ) SI_UNIT ( $, .RADIAN. ) );
#1804 = CARTESIAN_POINT ( 'NONE',  ( -0.4251017397069655757, 0.2122593393298573550, -0.8502034794139052831 ) ) ;
#1805 = VERTEX_POINT ( 'NONE', #889 ) ;
#1806 = DIMENSIONAL_EXPONENTS ( 1.000000000000000000, 0.0000000000000000000, 0.0000000000000000000, 0.0000000000000000000, 0.0000000000000000000, 0.0000000000000000000, 0.0000000000000000000 ) ;
#1807 = CARTESIAN_POINT ( 'NONE',  ( -0.2017563611368419219, 0.02362204724409367948, 6.338582677165354617 ) ) ;
#1808 = CARTESIAN_POINT ( 'NONE',  ( 0.2017563611368419219, 0.02362204724409368989, 6.456692913385826849 ) ) ;
#1809 = CARTESIAN_POINT ( 'NONE',  ( 0.5176969074963324591, 0.1726140483704642625, 0.0000000000000000000 ) ) ;
#1810 = CARTESIAN_POINT ( 'NONE',  ( -0.3575423883091422006, 0.2083538137197429863, 0.7150847766182673038 ) ) ;
#1811 = LINE ( 'NONE', #2470, #2320 ) ;
#1812 = PRESENTATION_LAYER_ASSIGNMENT (  '', '', ( #787 ) ) ;
#1813 = CARTESIAN_POINT ( 'NONE',  ( 0.5752846546625655089, 0.2221494232238619138, 0.0000000000000000000 ) ) ;
#1814 = DIRECTION ( 'NONE',  ( 0.0000000000000000000, 1.000000000000000000, 0.0000000000000000000 ) ) ;
#1815 = VECTOR ( 'NONE', #1270, 39.37007874015748143 ) ;
#1816 =( NAMED_UNIT ( * ) PLANE_ANGLE_UNIT ( ) SI_UNIT ( $, .RADIAN. ) );
#1817 = SURFACE_STYLE_USAGE ( .BOTH. , #2459 ) ;
#1818 =( GEOMETRIC_REPRESENTATION_CONTEXT ( 3 ) GLOBAL_UNCERTAINTY_ASSIGNED_CONTEXT ( ( #421 ) ) GLOBAL_UNIT_ASSIGNED_CONTEXT ( ( #1189, #488, #1903 ) ) REPRESENTATION_CONTEXT ( 'NONE', 'WORKASPACE' ) );
#1819 = ORIENTED_EDGE ( 'NONE', *, *, #158, .T. ) ;
#1820 = CIRCLE ( 'NONE', #1535, 0.6496062992125984925 ) ;
#1821 = ADVANCED_FACE ( 'NONE', ( #442 ), #2770, .T. ) ;
#1822 = CIRCLE ( 'NONE', #1072, 0.6041456480953052433 ) ;
#1823 = CARTESIAN_POINT ( 'NONE',  ( 0.4251017397069483117, 0.2122593393298574382, 0.0000000000000000000 ) ) ;
#1824 = CARTESIAN_POINT ( 'NONE',  ( 0.2835429222470911004, 0.1759884926702385832, 6.944798643015739569E-17 ) ) ;
#1825 = PRESENTATION_LAYER_ASSIGNMENT (  '', '', ( #1161 ) ) ;
#1826 = PRESENTATION_STYLE_ASSIGNMENT (( #1360 ) ) ;
#1827 = CARTESIAN_POINT ( 'NONE',  ( 0.2017563611368419219, 0.02362204724409442194, 0.3543307086614174151 ) ) ;
#1828 = FACE_OUTER_BOUND ( 'NONE', #1071, .T. ) ;
#1829 = FACE_OUTER_BOUND ( 'NONE', #2462, .T. ) ;
#1830 = LINE ( 'NONE', #1309, #694 ) ;
#1831 =( NAMED_UNIT ( * ) SI_UNIT ( $, .STERADIAN. ) SOLID_ANGLE_UNIT ( ) );
#1832 = ORIENTED_EDGE ( 'NONE', *, *, #1682, .T. ) ;
#1833 = ORIENTED_EDGE ( 'NONE', *, *, #1975, .T. ) ;
#1834 = DIRECTION ( 'NONE',  ( 0.0000000000000000000, 1.000000000000000000, 0.0000000000000000000 ) ) ;
#1835 = FACE_OUTER_BOUND ( 'NONE', #5, .T. ) ;
#1836 = EDGE_LOOP ( 'NONE', ( #2632, #1023, #636, #2289, #2301, #1054 ) ) ;
#1837 = ADVANCED_FACE ( 'NONE', ( #1641 ), #2109, .T. ) ;
#1838 = CARTESIAN_POINT ( 'NONE',  ( -0.6302045854340951880, 0.1948828173099276528, -7.913455381736766278E-15 ) ) ;
#1839 = CARTESIAN_POINT ( 'NONE',  ( 0.4386559324786399316, 0.2064779531048648586, 0.8773118649572938521 ) ) ;
#1840 = CARTESIAN_POINT ( 'NONE',  ( 0.2017563611368419219, 0.02362204724409442194, 0.3543307086614174151 ) ) ;
#1841 = CARTESIAN_POINT ( 'NONE',  ( -0.5048490075825999845, 0.1527336767782170868, -6.182617211887489176E-17 ) ) ;
#1842 = FILL_AREA_STYLE_COLOUR ( '', #1776 ) ;
#1843 = SURFACE_STYLE_FILL_AREA ( #2237 ) ;
#1844 = SURFACE_STYLE_FILL_AREA ( #248 ) ;
#1845 = CARTESIAN_POINT ( 'NONE',  ( 0.5976332166263950141, 0.2002440315600765852, 0.0000000000000000000 ) ) ;
#1846 = VERTEX_POINT ( 'NONE', #2312 ) ;
#1847 = ORIENTED_EDGE ( 'NONE', *, *, #2566, .F. ) ;
#1848 = ORIENTED_EDGE ( 'NONE', *, *, #1762, .F. ) ;
#1849 = CARTESIAN_POINT ( 'NONE',  ( -0.5048490075825999845, 0.1527336767782170868, -6.339370084505337164E-15 ) ) ;
#1850 = PRESENTATION_STYLE_ASSIGNMENT (( #1612 ) ) ;
#1851 = PLANE ( 'NONE',  #11 ) ;
#1852 = COLOUR_RGB ( '',0.3333333333333333148, 0.3333333333333333148, 0.3333333333333333148 ) ;
#1853 = DIRECTION ( 'NONE',  ( -0.0000000000000000000, -1.000000000000000000, -0.0000000000000000000 ) ) ;
#1854 = CYLINDRICAL_SURFACE ( 'NONE', #1876, 0.3149606299212598381 ) ;
#1855 = AXIS2_PLACEMENT_3D ( 'NONE', #2549, #1227, #1179 ) ;
#1856 = CARTESIAN_POINT ( 'NONE',  ( -0.03171989902676156797, 0.1701238011403935768, 6.440928179034025280E-16 ) ) ;
#1857 = CARTESIAN_POINT ( 'NONE',  ( -0.03171989902676156797, 0.1701238011403935768, -4.969108386173813089E-16 ) ) ;
#1858 = EDGE_CURVE ( 'NONE', #70, #1530, #318, .T. ) ;
#1859 = AXIS2_PLACEMENT_3D ( 'NONE', #1452, #521, #997 ) ;
#1860 =( LENGTH_UNIT ( ) NAMED_UNIT ( * ) SI_UNIT ( $, .METRE. ) );
#1861 =( LENGTH_UNIT ( ) NAMED_UNIT ( * ) SI_UNIT ( $, .METRE. ) );
#1862 = PRESENTATION_LAYER_ASSIGNMENT (  '', '', ( #2141 ) ) ;
#1863 = CARTESIAN_POINT ( 'NONE',  ( 0.6245322372807146083, 0.1919565535483954977, -1.249064474561454752 ) ) ;
#1864 = EDGE_LOOP ( 'NONE', ( #2547, #229, #2097, #962 ) ) ;
#1865 = ORIENTED_EDGE ( 'NONE', *, *, #232, .F. ) ;
#1866 = AXIS2_PLACEMENT_3D ( 'NONE', #1788, #2458, #441 ) ;
#1867 = CARTESIAN_POINT ( 'NONE',  ( -0.2618110236220473341, 0.06692913385826765316, 0.2586991666985375415 ) ) ;
#1868 = AXIS2_PLACEMENT_3D ( 'NONE', #209, #2904, #928 ) ;
#1869 = EDGE_LOOP ( 'NONE', ( #320, #1007, #2305, #2793, #370, #1369 ) ) ;
#1870 = CIRCLE ( 'NONE', #2434, 0.6496062992125983815 ) ;
#1871 = CARTESIAN_POINT ( 'NONE',  ( 0.5752846546625655089, 0.2221494232238619138, 1.409041021862192181E-16 ) ) ;
#1872 = CARTESIAN_POINT ( 'NONE',  ( -0.5577006046711265874, 0.1940278485340355408, -8.736707356184897092E-15 ) ) ;
#1873 = CARTESIAN_POINT ( 'NONE',  ( 0.0000000000000000000, 0.1181102362204724532, 0.0000000000000000000 ) ) ;
#1874 = AXIS2_PLACEMENT_3D ( 'NONE', #2717, #2048, #422 ) ;
#1875 = CARTESIAN_POINT ( 'NONE',  ( -0.2086461249163694687, 0.02362204724409368989, 6.456692913385826849 ) ) ;
#1876 = AXIS2_PLACEMENT_3D ( 'NONE', #31, #925, #2555 ) ;
#1877 = CARTESIAN_POINT ( 'NONE',  ( -0.09478821437510888404, 0.1899005548132128851, -1.484913021206052906E-15 ) ) ;
#1878 = ADVANCED_FACE ( 'NONE', ( #484 ), #729, .T. ) ;
#1879 = CARTESIAN_POINT ( 'NONE',  ( 0.6372522310881898466, 0.1842287680062450195, -1.274504462176405672 ) ) ;
#1880 = ORIENTED_EDGE ( 'NONE', *, *, #1045, .F. ) ;
#1881 = DIRECTION ( 'NONE',  ( 1.000000000000000000, 0.0000000000000000000, 0.0000000000000000000 ) ) ;
#1882 = ORIENTED_EDGE ( 'NONE', *, *, #936, .T. ) ;
#1883 = CARTESIAN_POINT ( 'NONE',  ( 0.0000000000000000000, 0.1792173173961308374, 0.6498533826253535262 ) ) ;
#1884 = ORIENTED_EDGE ( 'NONE', *, *, #731, .F. ) ;
#1885 = CARTESIAN_POINT ( 'NONE',  ( -0.02664350457559441429, 0.1732912337363215760, 0.05328700915118782938 ) ) ;
#1886 = CARTESIAN_POINT ( 'NONE',  ( 0.0000000000000000000, 0.1769517321540278465, 0.0000000000000000000 ) ) ;
#1887 = DIRECTION ( 'NONE',  ( 0.0000000000000000000, 1.000000000000000000, 0.0000000000000000000 ) ) ;
#1888 = CARTESIAN_POINT ( 'NONE',  ( 0.08220151307805516339, 0.1824535550159782360, 0.1644030261561129913 ) ) ;
#1889 = DIRECTION ( 'NONE',  ( 0.0000000000000000000, 0.0000000000000000000, -1.000000000000000000 ) ) ;
#1890 = ADVANCED_FACE ( 'NONE', ( #2727 ), #1854, .T. ) ;
#1891 = ORIENTED_EDGE ( 'NONE', *, *, #952, .F. ) ;
#1892 = CARTESIAN_POINT ( 'NONE',  ( 0.08220151307805520502, 0.1824535550159782360, -0.1644030261561137685 ) ) ;
#1893 = VERTEX_POINT ( 'NONE', #1617 ) ;
#1894 = CARTESIAN_POINT ( 'NONE',  ( 0.2019163838078440187, 0.2051073757060070113, 0.0000000000000000000 ) ) ;
#1895 = FACE_OUTER_BOUND ( 'NONE', #1624, .T. ) ;
#1896 = EDGE_CURVE ( 'NONE', #67, #689, #1117, .T. ) ;
#1897 = ORIENTED_EDGE ( 'NONE', *, *, #2280, .F. ) ;
#1898 = CARTESIAN_POINT ( 'NONE',  ( -0.4646349288882293815, 0.1899664698011723496, 0.9292698577764365586 ) ) ;
#1899 =( NAMED_UNIT ( * ) PLANE_ANGLE_UNIT ( ) SI_UNIT ( $, .RADIAN. ) );
#1900 = DIRECTION ( 'NONE',  ( 0.0000000000000000000, 1.000000000000000000, 0.0000000000000000000 ) ) ;
#1901 = PRESENTATION_LAYER_ASSIGNMENT (  '', '', ( #2848 ) ) ;
#1902 = CIRCLE ( 'NONE', #909, 0.7086614173228348301 ) ;
#1903 =( NAMED_UNIT ( * ) SI_UNIT ( $, .STERADIAN. ) SOLID_ANGLE_UNIT ( ) );
#1904 = CARTESIAN_POINT ( 'NONE',  ( -0.5577006046711265874, 0.1940278485340355408, -6.829862603930385211E-17 ) ) ;
#1905 = DIRECTION ( 'NONE',  ( 0.0000000000000000000, 1.000000000000000000, 0.0000000000000000000 ) ) ;
#1906 = CARTESIAN_POINT ( 'NONE',  ( -0.2618110236220473341, 0.04724409448818890633, 0.2586991666985375415 ) ) ;
#1907 = EDGE_LOOP ( 'NONE', ( #2348, #1865 ) ) ;
#1908 = STYLED_ITEM ( 'NONE', ( #2871 ), #426 ) ;
#1909 = ADVANCED_FACE ( 'NONE', ( #1362, #1828 ), #1654, .T. ) ;
#1910 =( NAMED_UNIT ( * ) PLANE_ANGLE_UNIT ( ) SI_UNIT ( $, .RADIAN. ) );
#1911 = CARTESIAN_POINT ( 'NONE',  ( 0.2340157361994240626, 0.1884504031137650137, 0.0000000000000000000 ) ) ;
#1912 = CARTESIAN_POINT ( 'NONE',  ( 0.1128185154074831387, 0.2012665611251220898, 0.0000000000000000000 ) ) ;
#1913 =( BOUNDED_SURFACE ( )  B_SPLINE_SURFACE ( 3, 3, ( 
 ( #1457, #2601, #2358, #577 ),
 ( #2134, #1427, #1442, #125 ),
 ( #1857, #807, #1701, #2325 ),
 ( #2570, #2776, #308, #2107 ),
 ( #2375, #94, #970, #352 ),
 ( #748, #1637, #988, #2544 ),
 ( #1415, #2309, #1888, #1187 ),
 ( #1877, #2786, #774, #548 ),
 ( #2342, #1306, #1943, #2662 ),
 ( #2635, #2624, #367, #391 ),
 ( #1543, #2444, #1741, #1272 ),
 ( #2391, #1289, #1260, #160 ),
 ( #2209, #2195, #1752, #196 ),
 ( #2153, #2847, #1060, #1044 ),
 ( #1723, #2646, #2416, #186 ),
 ( #424, #876, #1077, #146 ),
 ( #1970, #622, #632, #1981 ),
 ( #1034, #1087, #2878, #1936 ),
 ( #820, #609, #863, #2180 ),
 ( #174, #2702, #1116, #1556 ),
 ( #453, #2009, #1347, #897 ),
 ( #231, #243, #2501, #468 ),
 ( #2741, #1798, #664, #1824 ),
 ( #2223, #697, #2674, #1128 ),
 ( #2455, #436, #2234, #1329 ),
 ( #713, #1100, #2469, #219 ),
 ( #908, #480, #2686, #1583 ),
 ( #884, #2517, #1357, #1377 ),
 ( #2724, #1810, #2912, #677 ),
 ( #725, #1596, #1568, #2249 ),
 ( #2021, #1137, #2488, #9 ),
 ( #2263, #1316, #2033, #26 ),
 ( #2275, #258, #1155, #2053 ),
 ( #45, #937, #1839, #1995 ),
 ( #1613, #2899, #1783, #2085 ),
 ( #2583, #1898, #965, #1680 ),
 ( #2307, #2754, #2337, #743 ),
 ( #2131, #1663, #525, #292 ),
 ( #2355, #2071, #2102, #804 ),
 ( #2291, #121, #984, #1014 ),
 ( #1632, #2823, #1697, #2116 ),
 ( #2802, #563, #497, #1396 ),
 ( #275, #1170, #58, #2553 ),
 ( #950, #2539, #1184, #74 ),
 ( #1872, #2772, #760, #1651 ),
 ( #1739, #170, #2403, #2642 ),
 ( #1042, #1498, #1509, #860 ),
 ( #1056, #1086, #157, #1933 ),
 ( #1467, #2372, #1955, #1031 ),
 ( #1074, #818, #1709, #589 ),
 ( #2166, #1969, #349, #832 ),
 ( #2207, #2178, #1750, #2844 ) ),
 .UNSPECIFIED., .F., .F., .F. ) 
 B_SPLINE_SURFACE_WITH_KNOTS ( ( 4, 2, 2, 2, 2, 2, 2, 2, 2, 2, 2, 2, 2, 2, 2, 2, 2, 2, 2, 2, 2, 2, 2, 2, 2, 4 ),
 ( 4, 4 ),
 ( 0.0000000000000000000, 0.06250000000000005551, 0.09375000000000009714, 0.1250000000000001388, 0.1562500000000001943, 0.1875000000000002220, 0.2500000000000003331, 0.2812500000000003886, 0.3125000000000003886, 0.3750000000000002776, 0.4062500000000001665, 0.4375000000000001110, 0.4687500000000000000, 0.4999999999999999445, 0.5624999999999994449, 0.6249999999999990008, 0.6562499999999988898, 0.6874999999999987788, 0.7499999999999988898, 0.7656249999999990008, 0.7812499999999991118, 0.8124999999999991118, 0.8749999999999994449, 0.9062499999999995559, 0.9374999999999996669, 1.000000000000000000 ),
 ( 0.0000000000000000000, 1.000000000000000000 ),
 .UNSPECIFIED. ) 
 GEOMETRIC_REPRESENTATION_ITEM ( )  RATIONAL_B_SPLINE_SURFACE ( (
 ( 1.000000000000000000, 0.3333333333333282078, 0.3333333333333282078, 1.000000000000000000),
 ( 1.000000000000000000, 0.3333333333333282078, 0.3333333333333282078, 1.000000000000000000),
 ( 1.000000000000000000, 0.3333333333333282078, 0.3333333333333282078, 1.000000000000000000),
 ( 1.000000000000000000, 0.3333333333333282078, 0.3333333333333282078, 1.000000000000000000),
 ( 1.000000000000000000, 0.3333333333333282078, 0.3333333333333282078, 1.000000000000000000),
 ( 1.000000000000000000, 0.3333333333333282078, 0.3333333333333282078, 1.000000000000000000),
 ( 1.000000000000000000, 0.3333333333333282078, 0.3333333333333282078, 1.000000000000000000),
 ( 1.000000000000000000, 0.3333333333333282078, 0.3333333333333282078, 1.000000000000000000),
 ( 1.000000000000000000, 0.3333333333333282078, 0.3333333333333282078, 1.000000000000000000),
 ( 1.000000000000000000, 0.3333333333333282078, 0.3333333333333282078, 1.000000000000000000),
 ( 1.000000000000000000, 0.3333333333333282078, 0.3333333333333282078, 1.000000000000000000),
 ( 1.000000000000000000, 0.3333333333333282078, 0.3333333333333282078, 1.000000000000000000),
 ( 1.000000000000000000, 0.3333333333333282078, 0.3333333333333282078, 1.000000000000000000),
 ( 1.000000000000000000, 0.3333333333333282078, 0.3333333333333282078, 1.000000000000000000),
 ( 1.000000000000000000, 0.3333333333333282078, 0.3333333333333282078, 1.000000000000000000),
 ( 1.000000000000000000, 0.3333333333333282078, 0.3333333333333282078, 1.000000000000000000),
 ( 1.000000000000000000, 0.3333333333333282078, 0.3333333333333282078, 1.000000000000000000),
 ( 1.000000000000000000, 0.3333333333333282078, 0.3333333333333282078, 1.000000000000000000),
 ( 1.000000000000000000, 0.3333333333333282078, 0.3333333333333282078, 1.000000000000000000),
 ( 1.000000000000000000, 0.3333333333333282078, 0.3333333333333282078, 1.000000000000000000),
 ( 1.000000000000000000, 0.3333333333333282078, 0.3333333333333282078, 1.000000000000000000),
 ( 1.000000000000000000, 0.3333333333333282078, 0.3333333333333282078, 1.000000000000000000),
 ( 1.000000000000000000, 0.3333333333333282078, 0.3333333333333282078, 1.000000000000000000),
 ( 1.000000000000000000, 0.3333333333333282078, 0.3333333333333282078, 1.000000000000000000),
 ( 1.000000000000000000, 0.3333333333333282078, 0.3333333333333282078, 1.000000000000000000),
 ( 1.000000000000000000, 0.3333333333333282078, 0.3333333333333282078, 1.000000000000000000),
 ( 1.000000000000000000, 0.3333333333333282078, 0.3333333333333282078, 1.000000000000000000),
 ( 1.000000000000000000, 0.3333333333333282078, 0.3333333333333282078, 1.000000000000000000),
 ( 1.000000000000000000, 0.3333333333333282078, 0.3333333333333282078, 1.000000000000000000),
 ( 1.000000000000000000, 0.3333333333333282078, 0.3333333333333282078, 1.000000000000000000),
 ( 1.000000000000000000, 0.3333333333333282078, 0.3333333333333282078, 1.000000000000000000),
 ( 1.000000000000000000, 0.3333333333333282078, 0.3333333333333282078, 1.000000000000000000),
 ( 1.000000000000000000, 0.3333333333333282078, 0.3333333333333282078, 1.000000000000000000),
 ( 1.000000000000000000, 0.3333333333333282078, 0.3333333333333282078, 1.000000000000000000),
 ( 1.000000000000000000, 0.3333333333333282078, 0.3333333333333282078, 1.000000000000000000),
 ( 1.000000000000000000, 0.3333333333333282078, 0.3333333333333282078, 1.000000000000000000),
 ( 1.000000000000000000, 0.3333333333333282078, 0.3333333333333282078, 1.000000000000000000),
 ( 1.000000000000000000, 0.3333333333333282078, 0.3333333333333282078, 1.000000000000000000),
 ( 1.000000000000000000, 0.3333333333333282078, 0.3333333333333282078, 1.000000000000000000),
 ( 1.000000000000000000, 0.3333333333333282078, 0.3333333333333282078, 1.000000000000000000),
 ( 1.000000000000000000, 0.3333333333333282078, 0.3333333333333282078, 1.000000000000000000),
 ( 1.000000000000000000, 0.3333333333333282078, 0.3333333333333282078, 1.000000000000000000),
 ( 1.000000000000000000, 0.3333333333333282078, 0.3333333333333282078, 1.000000000000000000),
 ( 1.000000000000000000, 0.3333333333333282078, 0.3333333333333282078, 1.000000000000000000),
 ( 1.000000000000000000, 0.3333333333333282078, 0.3333333333333282078, 1.000000000000000000),
 ( 1.000000000000000000, 0.3333333333333282078, 0.3333333333333282078, 1.000000000000000000),
 ( 1.000000000000000000, 0.3333333333333282078, 0.3333333333333282078, 1.000000000000000000),
 ( 1.000000000000000000, 0.3333333333333282078, 0.3333333333333282078, 1.000000000000000000),
 ( 1.000000000000000000, 0.3333333333333282078, 0.3333333333333282078, 1.000000000000000000),
 ( 1.000000000000000000, 0.3333333333333282078, 0.3333333333333282078, 1.000000000000000000),
 ( 1.000000000000000000, 0.3333333333333282078, 0.3333333333333282078, 1.000000000000000000),
 ( 1.000000000000000000, 0.3333333333333282078, 0.3333333333333282078, 1.000000000000000000) ) ) 
 REPRESENTATION_ITEM ( '' )  SURFACE ( )  );
#1914 = CIRCLE ( 'NONE', #496, 0.02362204724409448092 ) ;
#1915 = ORIENTED_EDGE ( 'NONE', *, *, #2025, .F. ) ;
#1916 = CARTESIAN_POINT ( 'NONE',  ( 0.1128185154074831387, 0.2012665611251220898, 0.0000000000000000000 ) ) ;
#1917 = EDGE_CURVE ( 'NONE', #2260, #1976, #1205, .T. ) ;
#1918 = COLOUR_RGB ( '',0.3333333333333333148, 0.3333333333333333148, 0.3333333333333333148 ) ;
#1919 = MECHANICAL_DESIGN_GEOMETRIC_PRESENTATION_REPRESENTATION (  '', ( #1394 ), #1295 ) ;
#1920 = CARTESIAN_POINT ( 'NONE',  ( 0.0000000000000000000, 0.1769517321540278465, 0.0000000000000000000 ) ) ;
#1921 = PRESENTATION_STYLE_ASSIGNMENT (( #763 ) ) ;
#1922 = CARTESIAN_POINT ( 'NONE',  ( 0.0000000000000000000, 0.1692913385826770312, 0.0000000000000000000 ) ) ;
#1923 = AXIS2_PLACEMENT_3D ( 'NONE', #1906, #993, #1249 ) ;
#1924 = VERTEX_POINT ( 'NONE', #2007 ) ;
#1925 =( NAMED_UNIT ( * ) PLANE_ANGLE_UNIT ( ) SI_UNIT ( $, .RADIAN. ) );
#1926 = EDGE_LOOP ( 'NONE', ( #1502, #347 ) ) ;
#1927 = PRESENTATION_STYLE_ASSIGNMENT (( #2186 ) ) ;
#1928 = SURFACE_SIDE_STYLE ('',( #44 ) ) ;
#1929 = CARTESIAN_POINT ( 'NONE',  ( -0.2215239290680206807, 0.1962846386648305352, -0.4430478581360279278 ) ) ;
#1930 = VERTEX_POINT ( 'NONE', #906 ) ;
#1931 = UNCERTAINTY_MEASURE_WITH_UNIT (LENGTH_MEASURE( 1.000000000000000082E-05 ), #744, 'distance_accuracy_value', 'NONE');
#1932 = CYLINDRICAL_SURFACE ( 'NONE', #847, 0.7086614173228348301 ) ;
#1933 = CARTESIAN_POINT ( 'NONE',  ( 0.5976332166263950141, 0.2002440315600765852, 1.463779211611296704E-16 ) ) ;
#1934 = ADVANCED_FACE ( 'NONE', ( #2486 ), #2672, .T. ) ;
#1935 = DIRECTION ( 'NONE',  ( 0.0000000000000000000, 1.000000000000000000, 0.0000000000000000000 ) ) ;
#1936 = CARTESIAN_POINT ( 'NONE',  ( 0.2215239290680116879, 0.1962846386648305075, 5.425771413353673150E-17 ) ) ;
#1937 = ORIENTED_EDGE ( 'NONE', *, *, #1762, .T. ) ;
#1938 = FACE_OUTER_BOUND ( 'NONE', #914, .T. ) ;
#1939 = EDGE_LOOP ( 'NONE', ( #2138, #2438, #826, #1884 ) ) ;
#1940 = CARTESIAN_POINT ( 'NONE',  ( -0.3460533941535907099, 0.2002578262228216499, -0.6921067883071609916 ) ) ;
#1941 = ORIENTED_EDGE ( 'NONE', *, *, #2266, .F. ) ;
#1942 = EDGE_CURVE ( 'NONE', #1178, #1276, #2155, .T. ) ;
#1943 = CARTESIAN_POINT ( 'NONE',  ( 0.1007669639867809774, 0.1939537854326396915, 0.2015339279735651190 ) ) ;
#1944 = SURFACE_SIDE_STYLE ('',( #81 ) ) ;
#1945 = EDGE_CURVE ( 'NONE', #998, #1037, #1822, .T. ) ;
#1946 = CARTESIAN_POINT ( 'NONE',  ( 0.6496062992125984925, 0.1299212598425196763, 0.0000000000000000000 ) ) ;
#1947 = CARTESIAN_POINT ( 'NONE',  ( 0.0000000000000000000, 0.06692913385826765316, 0.3346456692913385433 ) ) ;
#1948 = CIRCLE ( 'NONE', #2272, 0.6498533826253535262 ) ;
#1949 = EDGE_LOOP ( 'NONE', ( #2738, #1514, #1021, #1164 ) ) ;
#1950 = CARTESIAN_POINT ( 'NONE',  ( 0.0000000000000000000, 0.09055118110236209938, 0.0000000000000000000 ) ) ;
#1951 = LENGTH_MEASURE_WITH_UNIT ( LENGTH_MEASURE( 0.02539999999999999897 ), #2424 );
#1952 = CARTESIAN_POINT ( 'NONE',  ( 0.2986215340048686828, 0.1780875068731720967, -0.5972430680097495781 ) ) ;
#1953 = EDGE_LOOP ( 'NONE', ( #1891, #1775, #1225, #1410, #1065, #102, #2879, #204, #1707, #2096, #612, #2882 ) ) ;
#1954 = AXIS2_PLACEMENT_3D ( 'NONE', #2281, #1577, #753 ) ;
#1955 = CARTESIAN_POINT ( 'NONE',  ( 0.6044764771306642137, 0.1987671400432625135, 1.208952954261347745 ) ) ;
#1956 = PRESENTATION_LAYER_ASSIGNMENT (  '', '', ( #964 ) ) ;
#1957 = VECTOR ( 'NONE', #1600, 39.37007874015748143 ) ;
#1958 = CARTESIAN_POINT ( 'NONE',  ( -0.5444453428435599429, 0.1849614402069369445, -6.667532464240489892E-17 ) ) ;
#1959 = DIMENSIONAL_EXPONENTS ( 1.000000000000000000, 0.0000000000000000000, 0.0000000000000000000, 0.0000000000000000000, 0.0000000000000000000, 0.0000000000000000000, 0.0000000000000000000 ) ;
#1960 = CONICAL_SURFACE ( 'NONE', #2582, 0.6496062992125983815, 0.5235987755982964842 ) ;
#1961 =( NAMED_UNIT ( * ) SI_UNIT ( $, .STERADIAN. ) SOLID_ANGLE_UNIT ( ) );
#1962 =( LENGTH_UNIT ( ) NAMED_UNIT ( * ) SI_UNIT ( $, .METRE. ) );
#1963 = ORIENTED_EDGE ( 'NONE', *, *, #1240, .T. ) ;
#1964 = ORIENTED_EDGE ( 'NONE', *, *, #269, .F. ) ;
#1965 = FILL_AREA_STYLE_COLOUR ( '', #1110 ) ;
#1966 = AXIS2_PLACEMENT_3D ( 'NONE', #1544, #698, #1785 ) ;
#1967 = CARTESIAN_POINT ( 'NONE',  ( 0.4452096005735032280, 0.2026402650630561575, 0.0000000000000000000 ) ) ;
#1968 = VERTEX_POINT ( 'NONE', #2699 ) ;
#1969 = CARTESIAN_POINT ( 'NONE',  ( -0.6372522310882097196, 0.1842287680062450195, 1.274504462176389463 ) ) ;
#1970 = CARTESIAN_POINT ( 'NONE',  ( -0.2019163838078440187, 0.2051073757060070113, -3.163138682247827400E-15 ) ) ;
#1971 = VERTEX_POINT ( 'NONE', #1099 ) ;
#1972 = DIRECTION ( 'NONE',  ( 0.0000000000000000000, 0.0000000000000000000, -1.000000000000000000 ) ) ;
#1973 = FACE_BOUND ( 'NONE', #1552, .T. ) ;
#1974 = CARTESIAN_POINT ( 'NONE',  ( 0.4770518273094471740, 0.1800974114635978118, -0.9541036546189134437 ) ) ;
#1975 = EDGE_CURVE ( 'NONE', #1748, #1805, #1684, .T. ) ;
#1976 = VERTEX_POINT ( 'NONE', #2910 ) ;
#1977 = CARTESIAN_POINT ( 'NONE',  ( -0.2017563611368419219, 0.02362204724409367948, 6.338582677165354617 ) ) ;
#1978 = EDGE_CURVE ( 'NONE', #99, #2695, #2666, .T. ) ;
#1979 = CARTESIAN_POINT ( 'NONE',  ( -0.4386559324786400982, 0.2064779531048648864, -5.371985836369641243E-17 ) ) ;
#1980 = FACE_OUTER_BOUND ( 'NONE', #476, .T. ) ;
#1981 = CARTESIAN_POINT ( 'NONE',  ( 0.2019163838078440187, 0.2051073757060070113, 4.945525062513683527E-17 ) ) ;
#1982 = LINE ( 'NONE', #28, #2204 ) ;
#1983 = CARTESIAN_POINT ( 'NONE',  ( -0.5048490075826069789, 0.1527336767782171145, -1.009698015165203744 ) ) ;
#1984 =( NAMED_UNIT ( * ) SI_UNIT ( $, .STERADIAN. ) SOLID_ANGLE_UNIT ( ) );
#1985 =( CONVERSION_BASED_UNIT ( 'INCH', #1364 ) LENGTH_UNIT ( ) NAMED_UNIT ( #487 ) );
#1986 =( CONVERSION_BASED_UNIT ( 'INCH', #1951 ) LENGTH_UNIT ( ) NAMED_UNIT ( #1412 ) );
#1987 = CARTESIAN_POINT ( 'NONE',  ( -0.4386559324786400982, 0.2064779531048648864, 8.907188998358462171E-15 ) ) ;
#1988 = CIRCLE ( 'NONE', #2419, 0.6155108108746286666 ) ;
#1989 = ORIENTED_EDGE ( 'NONE', *, *, #2197, .F. ) ;
#1990 = DIRECTION ( 'NONE',  ( 0.0000000000000000000, 1.000000000000000000, 0.0000000000000000000 ) ) ;
#1991 = AXIS2_PLACEMENT_3D ( 'NONE', #980, #2352, #2067 ) ;
#1992 = EDGE_CURVE ( 'NONE', #2080, #340, #1566, .T. ) ;
#1993 =( NAMED_UNIT ( * ) SI_UNIT ( $, .STERADIAN. ) SOLID_ANGLE_UNIT ( ) );
#1994 = CARTESIAN_POINT ( 'NONE',  ( 0.1951982895846077481, 0.2075055388899667286, 0.0000000000000000000 ) ) ;
#1995 = CARTESIAN_POINT ( 'NONE',  ( 0.4386559324786400982, 0.2064779531048648864, 1.074397167273932193E-16 ) ) ;
#1996 =( LENGTH_UNIT ( ) NAMED_UNIT ( * ) SI_UNIT ( $, .METRE. ) );
#1997 = CARTESIAN_POINT ( 'NONE',  ( 0.0000000000000000000, 0.06692913385826765316, 0.0000000000000000000 ) ) ;
#1998 = DIRECTION ( 'NONE',  ( -0.0000000000000000000, -1.000000000000000000, -0.0000000000000000000 ) ) ;
#1999 = CARTESIAN_POINT ( 'NONE',  ( 0.5577006046711265874, 0.1940278485340355408, 0.0000000000000000000 ) ) ;
#2000 = CIRCLE ( 'NONE', #2288, 0.3346456692913385433 ) ;
#2001 = ORIENTED_EDGE ( 'NONE', *, *, #324, .F. ) ;
#2002 = VECTOR ( 'NONE', #2247, 39.37007874015748143 ) ;
#2003 = CARTESIAN_POINT ( 'NONE',  ( -0.2017563611368419219, 0.04724409448818816387, 6.338582677165354617 ) ) ;
#2004 = CARTESIAN_POINT ( 'NONE',  ( 0.2585331613444343257, 0.1737706638455954189, -0.5170663226888723152 ) ) ;
#2005 = AXIS2_PLACEMENT_3D ( 'NONE', #2452, #478, #1370 ) ;
#2006 = UNCERTAINTY_MEASURE_WITH_UNIT (LENGTH_MEASURE( 1.000000000000000082E-05 ), #2294, 'distance_accuracy_value', 'NONE');
#2007 = CARTESIAN_POINT ( 'NONE',  ( 0.0000000000000000000, 0.09055118110236209938, -0.3149606299212598381 ) ) ;
#2008 = CARTESIAN_POINT ( 'NONE',  ( 0.2986215340048686828, 0.1780875068731720967, 0.0000000000000000000 ) ) ;
#2009 = CARTESIAN_POINT ( 'NONE',  ( -0.2611919843673942143, 0.1779030232833283820, 0.5223839687347757721 ) ) ;
#2010 = DIRECTION ( 'NONE',  ( 0.0000000000000000000, 0.0000000000000000000, 1.000000000000000000 ) ) ;
#2011 = CARTESIAN_POINT ( 'NONE',  ( -0.1741205190477453368, 0.2120798739292880652, 3.535628397607646103E-15 ) ) ;
#2012 = CARTESIAN_POINT ( 'NONE',  ( -0.6302045854340951880, 0.1948828173099276528, 4.400695099393033058E-15 ) ) ;
#2013 = CARTESIAN_POINT ( 'NONE',  ( 0.0000000000000000000, 0.06692913385826765316, -0.3149606299212598381 ) ) ;
#2014 = DIRECTION ( 'NONE',  ( 0.0000000000000000000, 0.0000000000000000000, -1.000000000000000000 ) ) ;
#2015 = CARTESIAN_POINT ( 'NONE',  ( -0.4646349288882148376, 0.1899664698011723496, 9.434709120337037654E-15 ) ) ;
#2016 = ORIENTED_EDGE ( 'NONE', *, *, #578, .T. ) ;
#2017 = CARTESIAN_POINT ( 'NONE',  ( 0.0000000000000000000, 0.1850393700787402174, 0.0000000000000000000 ) ) ;
#2018 = SURFACE_STYLE_USAGE ( .BOTH. , #1126 ) ;
#2019 = DIMENSIONAL_EXPONENTS ( 1.000000000000000000, 0.0000000000000000000, 0.0000000000000000000, 0.0000000000000000000, 0.0000000000000000000, 0.0000000000000000000, 0.0000000000000000000 ) ;
#2020 = CARTESIAN_POINT ( 'NONE',  ( 0.3060989644730905401, 0.1800665235920397844, 0.0000000000000000000 ) ) ;
#2021 = CARTESIAN_POINT ( 'NONE',  ( -0.3970226135135844214, 0.2179467151214115883, -6.219592302757759253E-15 ) ) ;
#2022 = FILL_AREA_STYLE ('',( #2456 ) ) ;
#2023 = CYLINDRICAL_SURFACE ( 'NONE', #447, 0.02362204724409449480 ) ;
#2024 = CARTESIAN_POINT ( 'NONE',  ( 0.2017563611368419219, 0.04724409448818890633, 0.3543307086614174151 ) ) ;
#2025 = EDGE_CURVE ( 'NONE', #1893, #271, #885, .T. ) ;
#2026 = CYLINDRICAL_SURFACE ( 'NONE', #1104, 0.6889763779527559029 ) ;
#2027 =( LENGTH_UNIT ( ) NAMED_UNIT ( * ) SI_UNIT ( $, .METRE. ) );
#2028 = ORIENTED_EDGE ( 'NONE', *, *, #1292, .T. ) ;
#2029 = COLOUR_RGB ( '',0.3333333333333333148, 0.3333333333333333148, 0.3333333333333333148 ) ;
#2030 = CARTESIAN_POINT ( 'NONE',  ( 0.003151074920650227297, 0.1769517321540278465, -0.006302149841300498830 ) ) ;
#2031 = PRODUCT_DEFINITION_FORMATION_WITH_SPECIFIED_SOURCE ( 'ANY', '', #2040, .NOT_KNOWN. ) ;
#2032 = LINE ( 'NONE', #1345, #2002 ) ;
#2033 = CARTESIAN_POINT ( 'NONE',  ( 0.4181008279649994774, 0.2143133890609770220, 0.8362016559300124996 ) ) ;
#2034 = CARTESIAN_POINT ( 'NONE',  ( 0.1248730613234729087, 0.2197697315699903842, 0.0000000000000000000 ) ) ;
#2035 = DIRECTION ( 'NONE',  ( 0.0000000000000000000, -1.000000000000000000, 0.0000000000000000000 ) ) ;
#2036 =( GEOMETRIC_REPRESENTATION_CONTEXT ( 3 ) GLOBAL_UNCERTAINTY_ASSIGNED_CONTEXT ( ( #2896 ) ) GLOBAL_UNIT_ASSIGNED_CONTEXT ( ( #2740, #359, #153 ) ) REPRESENTATION_CONTEXT ( 'NONE', 'WORKASPACE' ) );
#2037 = CARTESIAN_POINT ( 'NONE',  ( 0.0000000000000000000, 0.09055118110236215490, 0.6041456480953052433 ) ) ;
#2038 = DIRECTION ( 'NONE',  ( 0.0000000000000000000, -1.000000000000000000, 0.0000000000000000000 ) ) ;
#2039 =( GEOMETRIC_REPRESENTATION_CONTEXT ( 3 ) GLOBAL_UNCERTAINTY_ASSIGNED_CONTEXT ( ( #1152 ) ) GLOBAL_UNIT_ASSIGNED_CONTEXT ( ( #1090, #208, #1961 ) ) REPRESENTATION_CONTEXT ( 'NONE', 'WORKASPACE' ) );
#2040 = PRODUCT ( 'CUI_DEVICES_CLS0361-L152', 'CUI_DEVICES_CLS0361-L152', '', ( #2599 ) ) ;
#2041 = DIRECTION ( 'NONE',  ( 0.0000000000000000000, 0.0000000000000000000, 1.000000000000000000 ) ) ;
#2042 = CONICAL_SURFACE ( 'NONE', #789, 0.6498533826253535262, 0.6730773064795360083 ) ;
#2043 =( NAMED_UNIT ( * ) SI_UNIT ( $, .STERADIAN. ) SOLID_ANGLE_UNIT ( ) );
#2044 = EDGE_CURVE ( 'NONE', #1312, #375, #2032, .T. ) ;
#2045 =( GEOMETRIC_REPRESENTATION_CONTEXT ( 3 ) GLOBAL_UNCERTAINTY_ASSIGNED_CONTEXT ( ( #2515 ) ) GLOBAL_UNIT_ASSIGNED_CONTEXT ( ( #1291, #2156, #1711 ) ) REPRESENTATION_CONTEXT ( 'NONE', 'WORKASPACE' ) );
#2046 = ORIENTED_EDGE ( 'NONE', *, *, #710, .T. ) ;
#2047 = ORIENTED_EDGE ( 'NONE', *, *, #522, .T. ) ;
#2048 = DIRECTION ( 'NONE',  ( 0.0000000000000000000, 1.000000000000000000, 0.0000000000000000000 ) ) ;
#2049 = AXIS2_PLACEMENT_3D ( 'NONE', #1920, #2374, #2341 ) ;
#2050 = CARTESIAN_POINT ( 'NONE',  ( 0.02664350457559374469, 0.1732912337363215483, -0.05328700915118786408 ) ) ;
#2051 = AXIS2_PLACEMENT_3D ( 'NONE', #1594, #646, #2443 ) ;
#2052 = DIRECTION ( 'NONE',  ( 1.000000000000000000, 0.0000000000000000000, 0.0000000000000000000 ) ) ;
#2053 = CARTESIAN_POINT ( 'NONE',  ( 0.4251017397069483117, 0.2122593393298574382, 1.041198969688169571E-16 ) ) ;
#2054 = CIRCLE ( 'NONE', #562, 0.4901574803149607029 ) ;
#2055 = SURFACE_SIDE_STYLE ('',( #10 ) ) ;
#2056 = CARTESIAN_POINT ( 'NONE',  ( -0.5752846546625655089, 0.2221494232238619138, -7.045205109311012675E-17 ) ) ;
#2057 = SURFACE_SIDE_STYLE ('',( #262 ) ) ;
#2058 = CARTESIAN_POINT ( 'NONE',  ( -0.002544939712856287423, 0.1730616638885684178, 5.167662701778887083E-17 ) ) ;
#2059 = DIRECTION ( 'NONE',  ( 0.0000000000000000000, -1.000000000000000000, 0.0000000000000000000 ) ) ;
#2060 = DIRECTION ( 'NONE',  ( 0.0000000000000000000, -1.000000000000000000, 0.0000000000000000000 ) ) ;
#2061 = CARTESIAN_POINT ( 'NONE',  ( -0.08220151307805520502, 0.1824535550159782360, -1.006678198761096314E-17 ) ) ;
#2062 =( CONVERSION_BASED_UNIT ( 'INCH', #18 ) LENGTH_UNIT ( ) NAMED_UNIT ( #1959 ) );
#2063 = VERTEX_POINT ( 'NONE', #883 ) ;
#2064 = DIMENSIONAL_EXPONENTS ( 1.000000000000000000, 0.0000000000000000000, 0.0000000000000000000, 0.0000000000000000000, 0.0000000000000000000, 0.0000000000000000000, 0.0000000000000000000 ) ;
#2065 = ORIENTED_EDGE ( 'NONE', *, *, #232, .T. ) ;
#2066 = ADVANCED_FACE ( 'NONE', ( #1327 ), #1494, .T. ) ;
#2067 = DIRECTION ( 'NONE',  ( -1.000000000000000000, 0.0000000000000000000, 0.0000000000000000000 ) ) ;
#2068 = VERTEX_POINT ( 'NONE', #73 ) ;
#2069 = CARTESIAN_POINT ( 'NONE',  ( 0.4435557102729243972, 0.2202319924114491956, 1.086398161658535481E-16 ) ) ;
#2070 = EDGE_CURVE ( 'NONE', #1924, #149, #2866, .T. ) ;
#2071 = CARTESIAN_POINT ( 'NONE',  ( -0.4968772472354828218, 0.1726491269270444828, 0.9937544944709419958 ) ) ;
#2072 = DIRECTION ( 'NONE',  ( 0.0000000000000000000, 1.000000000000000000, 0.0000000000000000000 ) ) ;
#2073 = LINE ( 'NONE', #953, #693 ) ;
#2074 = CARTESIAN_POINT ( 'NONE',  ( 0.05399529660753224491, 0.1728571810361272387, -0.1079905932150666964 ) ) ;
#2075 = DIRECTION ( 'NONE',  ( 0.0000000000000000000, 1.000000000000000000, 0.0000000000000000000 ) ) ;
#2076 = CARTESIAN_POINT ( 'NONE',  ( -0.1007669639867810329, 0.1939537854326396638, -1.234039399062080367E-17 ) ) ;
#2077 = PRESENTATION_STYLE_ASSIGNMENT (( #1175 ) ) ;
#2078 = CARTESIAN_POINT ( 'NONE',  ( 0.0000000000000000000, 0.0000000000000000000, -0.6889763779527559029 ) ) ;
#2079 = EDGE_LOOP ( 'NONE', ( #2366, #1041, #1501, #2855 ) ) ;
#2080 = VERTEX_POINT ( 'NONE', #1708 ) ;
#2081 = DIRECTION ( 'NONE',  ( 0.0000000000000000000, 0.0000000000000000000, -1.000000000000000000 ) ) ;
#2082 = ORIENTED_EDGE ( 'NONE', *, *, #158, .F. ) ;
#2083 = CARTESIAN_POINT ( 'NONE',  ( 0.6498533826253535262, 0.1792173173961308374, 1.591681729894441038E-16 ) ) ;
#2084 = DIMENSIONAL_EXPONENTS ( 1.000000000000000000, 0.0000000000000000000, 0.0000000000000000000, 0.0000000000000000000, 0.0000000000000000000, 0.0000000000000000000, 0.0000000000000000000 ) ;
#2085 = CARTESIAN_POINT ( 'NONE',  ( 0.4452096005735032280, 0.2026402650630561575, 1.090449024584031034E-16 ) ) ;
#2086 =( LENGTH_UNIT ( ) NAMED_UNIT ( * ) SI_UNIT ( $, .METRE. ) );
#2087 =( GEOMETRIC_REPRESENTATION_CONTEXT ( 3 ) GLOBAL_UNCERTAINTY_ASSIGNED_CONTEXT ( ( #1242 ) ) GLOBAL_UNIT_ASSIGNED_CONTEXT ( ( #2526, #2393, #1742 ) ) REPRESENTATION_CONTEXT ( 'NONE', 'WORKASPACE' ) );
#2088 = EDGE_CURVE ( 'NONE', #998, #558, #1055, .T. ) ;
#2089 = DIRECTION ( 'NONE',  ( 1.318477066661416368E-16, 0.0000000000000000000, -1.000000000000000000 ) ) ;
#2090 =( NAMED_UNIT ( * ) SI_UNIT ( $, .STERADIAN. ) SOLID_ANGLE_UNIT ( ) );
#2091 = CIRCLE ( 'NONE', #738, 0.05889528122892669776 ) ;
#2092 = AXIS2_PLACEMENT_3D ( 'NONE', #685, #2492, #237 ) ;
#2093 = DIRECTION ( 'NONE',  ( 0.0000000000000000000, 0.0000000000000000000, -1.000000000000000000 ) ) ;
#2094 = VECTOR ( 'NONE', #374, 39.37007874015748143 ) ;
#2095 = CARTESIAN_POINT ( 'NONE',  ( -0.6473990711985614377, 0.1761389434064651038, -1.294798142397083796 ) ) ;
#2096 = ORIENTED_EDGE ( 'NONE', *, *, #886, .F. ) ;
#2097 = ORIENTED_EDGE ( 'NONE', *, *, #2202, .F. ) ;
#2098 = DIRECTION ( 'NONE',  ( 0.0000000000000000000, 0.0000000000000000000, -1.000000000000000000 ) ) ;
#2099 = AXIS2_PLACEMENT_3D ( 'NONE', #2256, #2730, #2212 ) ;
#2100 = ORIENTED_EDGE ( 'NONE', *, *, #806, .T. ) ;
#2101 = CARTESIAN_POINT ( 'NONE',  ( 0.003151074920650226863, 0.1769517321540278465, 7.717907630895642786E-19 ) ) ;
#2102 = CARTESIAN_POINT ( 'NONE',  ( 0.4968772472354670011, 0.1726491269270444828, 0.9937544944709499894 ) ) ;
#2103 = VECTOR ( 'NONE', #2568, 39.37007874015748143 ) ;
#2104 = CARTESIAN_POINT ( 'NONE',  ( -0.1377952755905511861, 0.06692913385826765316, 0.4703900695525311537 ) ) ;
#2105 = AXIS2_PLACEMENT_3D ( 'NONE', #2633, #618, #1257 ) ;
#2106 = ADVANCED_FACE ( 'NONE', ( #831 ), #817, .F. ) ;
#2107 = CARTESIAN_POINT ( 'NONE',  ( 0.05399529660753223798, 0.1728571810361272387, 1.322503343188532129E-17 ) ) ;
#2108 = SURFACE_STYLE_USAGE ( .BOTH. , #530 ) ;
#2109 = CYLINDRICAL_SURFACE ( 'NONE', #1491, 0.7086614173228348301 ) ;
#2110 = CYLINDRICAL_SURFACE ( 'NONE', #2845, 0.3149606299212598381 ) ;
#2111 = EDGE_LOOP ( 'NONE', ( #1461, #1049 ) ) ;
#2112 = PRESENTATION_STYLE_ASSIGNMENT (( #150 ) ) ;
#2113 = ORIENTED_EDGE ( 'NONE', *, *, #2251, .T. ) ;
#2114 = DIRECTION ( 'NONE',  ( 0.0000000000000000000, 1.000000000000000000, 0.0000000000000000000 ) ) ;
#2115 = VERTEX_POINT ( 'NONE', #1243 ) ;
#2116 = CARTESIAN_POINT ( 'NONE',  ( 0.5072513846145755290, 0.1714163075617459175, 1.242407569062605709E-16 ) ) ;
#2117 =( LENGTH_UNIT ( ) NAMED_UNIT ( * ) SI_UNIT ( $, .METRE. ) );
#2118 = PRESENTATION_STYLE_ASSIGNMENT (( #564 ) ) ;
#2119 = CARTESIAN_POINT ( 'NONE',  ( 8.437527159479795321E-17, 0.0000000000000000000, 0.6889763779527559029 ) ) ;
#2120 =( CONVERSION_BASED_UNIT ( 'INCH', #2828 ) LENGTH_UNIT ( ) NAMED_UNIT ( #859 ) );
#2121 = CARTESIAN_POINT ( 'NONE',  ( -0.2017563611368419219, 0.02362204724409442194, 0.3543307086614174151 ) ) ;
#2122 = CARTESIAN_POINT ( 'NONE',  ( 0.09478821437510891179, 0.1899005548132129406, -0.1895764287502215983 ) ) ;
#2123 = DIRECTION ( 'NONE',  ( 0.0000000000000000000, 1.000000000000000000, 0.0000000000000000000 ) ) ;
#2124 = ADVANCED_FACE ( 'NONE', ( #1508 ), #1932, .T. ) ;
#2125 = VERTEX_POINT ( 'NONE', #628 ) ;
#2126 = CARTESIAN_POINT ( 'NONE',  ( 0.2611919843673859432, 0.1779030232833283820, -0.5223839687347825445 ) ) ;
#2127 = FACE_OUTER_BOUND ( 'NONE', #2597, .T. ) ;
#2128 = ORIENTED_EDGE ( 'NONE', *, *, #1493, .F. ) ;
#2129 = CARTESIAN_POINT ( 'NONE',  ( 0.07066818080894340937, 0.1740677082108597895, 1.730871228584774081E-17 ) ) ;
#2130 = AXIS2_PLACEMENT_3D ( 'NONE', #293, #1171, #1664 ) ;
#2131 = CARTESIAN_POINT ( 'NONE',  ( -0.4935253958794301732, 0.1736395245305357715, -7.731365038032408287E-15 ) ) ;
#2132 = DIRECTION ( 'NONE',  ( 0.0000000000000000000, 0.0000000000000000000, 1.000000000000000000 ) ) ;
#2133 = DIRECTION ( 'NONE',  ( 0.0000000000000000000, 0.0000000000000000000, -1.000000000000000000 ) ) ;
#2134 = CARTESIAN_POINT ( 'NONE',  ( -0.01654471445617295561, 0.1708802737961489238, -2.591826641114423274E-16 ) ) ;
#2135 = CONICAL_SURFACE ( 'NONE', #872, 0.6498533826253535262, 0.6730773064795360083 ) ;
#2136 =( LENGTH_UNIT ( ) NAMED_UNIT ( * ) SI_UNIT ( $, .METRE. ) );
#2137 = CARTESIAN_POINT ( 'NONE',  ( 0.0000000000000000000, 0.1792173173961308374, 0.0000000000000000000 ) ) ;
#2138 = ORIENTED_EDGE ( 'NONE', *, *, #2873, .F. ) ;
#2139 = VERTEX_POINT ( 'NONE', #1738 ) ;
#2140 = FILL_AREA_STYLE ('',( #382 ) ) ;
#2141 = STYLED_ITEM ( 'NONE', ( #600 ), #403 ) ;
#2142 = DIRECTION ( 'NONE',  ( -0.0000000000000000000, -1.000000000000000000, -0.0000000000000000000 ) ) ;
#2143 = CARTESIAN_POINT ( 'NONE',  ( 0.2759397049008950886, 0.1758680113019952529, 0.0000000000000000000 ) ) ;
#2144 = EDGE_CURVE ( 'NONE', #491, #375, #2824, .T. ) ;
#2145 = MECHANICAL_DESIGN_GEOMETRIC_PRESENTATION_REPRESENTATION (  '', ( #2328 ), #256 ) ;
#2146 = VERTEX_POINT ( 'NONE', #2411 ) ;
#2147 = B_SPLINE_CURVE_WITH_KNOTS ( 'NONE', 3,
 ( #1434, #2737, #722, #574, #2370, #116, #1692, #2596, #1011, #1912, #799, #479, #2222, #452, #435, #1994, #1127, #2701, #1376, #2274, #1782, #875, #1346, #2008, #2020, #2898, #2673, #2723, #8, #2911, #663, #907, #1823, #423, #2685, #257, #896, #1765, #712, #1567, #1595, #1809, #1555, #1154, #2500, #696, #2886, #2487, #1356, #676, #2262, #2661 ),
 .UNSPECIFIED., .F., .F.,
 ( 4, 2, 2, 2, 2, 2, 2, 2, 2, 2, 2, 2, 2, 2, 2, 2, 2, 2, 2, 2, 2, 2, 2, 2, 2, 4 ),
 ( 0.0000000000000000000, 0.06250000000000005551, 0.09375000000000009714, 0.1250000000000001388, 0.1562500000000001943, 0.1875000000000002220, 0.2500000000000003331, 0.2812500000000003886, 0.3125000000000003886, 0.3750000000000002776, 0.4062500000000001665, 0.4375000000000001110, 0.4687500000000000000, 0.4999999999999999445, 0.5624999999999994449, 0.6249999999999990008, 0.6562499999999988898, 0.6874999999999987788, 0.7499999999999988898, 0.7656249999999990008, 0.7812499999999991118, 0.8124999999999991118, 0.8749999999999994449, 0.9062499999999995559, 0.9374999999999996669, 1.000000000000000000 ),
 .UNSPECIFIED. ) ;
#2148 = STYLED_ITEM ( 'NONE', ( #1927 ), #1271 ) ;
#2149 = CARTESIAN_POINT ( 'NONE',  ( 0.0000000000000000000, 0.1692913385826770312, 0.6496062992125983815 ) ) ;
#2150 = SHAPE_DEFINITION_REPRESENTATION ( #1597, #2563 ) ;
#2151 = COLOUR_RGB ( '',0.2509803921568627416, 0.2509803921568627416, 0.2509803921568627416 ) ;
#2152 = CARTESIAN_POINT ( 'NONE',  ( 0.1377952755905511861, 0.06692913385826765316, 0.4703900695525311537 ) ) ;
#2153 = CARTESIAN_POINT ( 'NONE',  ( -0.1741205190477453368, 0.2120798739292880652, -2.727700143922629492E-15 ) ) ;
#2154 = VECTOR ( 'NONE', #1576, 39.37007874015748143 ) ;
#2155 = CIRCLE ( 'NONE', #365, 0.05889528122892669776 ) ;
#2156 =( NAMED_UNIT ( * ) PLANE_ANGLE_UNIT ( ) SI_UNIT ( $, .RADIAN. ) );
#2157 = DIRECTION ( 'NONE',  ( 0.0000000000000000000, 0.0000000000000000000, -1.000000000000000000 ) ) ;
#2158 = VECTOR ( 'NONE', #1148, 39.37007874015748143 ) ;
#2159 = CARTESIAN_POINT ( 'NONE',  ( -0.2017563611368419219, 0.04724409448818891327, 0.3543307086614174151 ) ) ;
#2160 = SURFACE_STYLE_FILL_AREA ( #719 ) ;
#2161 = ORIENTED_EDGE ( 'NONE', *, *, #2484, .F. ) ;
#2162 = FACE_OUTER_BOUND ( 'NONE', #238, .T. ) ;
#2163 = CARTESIAN_POINT ( 'NONE',  ( -0.2340157361994335272, 0.1884504031137650137, -0.4680314723988530101 ) ) ;
#2164 = ORIENTED_EDGE ( 'NONE', *, *, #2722, .T. ) ;
#2165 = FACE_BOUND ( 'NONE', #85, .T. ) ;
#2166 = CARTESIAN_POINT ( 'NONE',  ( -0.6372522310881898466, 0.1842287680062450195, -9.982930282775196727E-15 ) ) ;
#2167 = ADVANCED_FACE ( 'NONE', ( #2165, #2833 ), #1521, .T. ) ;
#2168 = SURFACE_SIDE_STYLE ('',( #1483 ) ) ;
#2169 = SURFACE_STYLE_FILL_AREA ( #2807 ) ;
#2170 = CARTESIAN_POINT ( 'NONE',  ( 0.2017563611368419219, 0.02362204724409368989, 6.456692913385826849 ) ) ;
#2171 = CARTESIAN_POINT ( 'NONE',  ( -0.003151074920650226863, 0.1769517321540278465, -3.998499093813337475E-17 ) ) ;
#2172 = SURFACE_STYLE_FILL_AREA ( #768 ) ;
#2173 = VERTEX_POINT ( 'NONE', #2684 ) ;
#2174 = CYLINDRICAL_SURFACE ( 'NONE', #920, 0.6155108108746286666 ) ;
#2175 =( LENGTH_UNIT ( ) NAMED_UNIT ( * ) SI_UNIT ( $, .METRE. ) );
#2176 = CARTESIAN_POINT ( 'NONE',  ( 0.2340157361994241181, 0.1884504031137650137, -0.4680314723988576731 ) ) ;
#2177 = VERTEX_POINT ( 'NONE', #882 ) ;
#2178 = CARTESIAN_POINT ( 'NONE',  ( -0.6473990711985554425, 0.1761389434064650761, 1.294798142397080021 ) ) ;
#2179 = CARTESIAN_POINT ( 'NONE',  ( -0.3203668902309939059, 0.1855226886560549238, -3.923362866741781724E-17 ) ) ;
#2180 = CARTESIAN_POINT ( 'NONE',  ( 0.2340157361994240626, 0.1884504031137650137, 5.731732445734687369E-17 ) ) ;
#2181 = EDGE_CURVE ( 'NONE', #2482, #2550, #22, .T. ) ;
#2182 = DIRECTION ( 'NONE',  ( 0.0000000000000000000, 0.0000000000000000000, 1.000000000000000000 ) ) ;
#2183 = ORIENTED_EDGE ( 'NONE', *, *, #2280, .T. ) ;
#2184 = AXIS2_PLACEMENT_3D ( 'NONE', #2725, #1598, #46 ) ;
#2185 = ORIENTED_EDGE ( 'NONE', *, *, #952, .T. ) ;
#2186 = SURFACE_STYLE_USAGE ( .BOTH. , #1024 ) ;
#2187 = CARTESIAN_POINT ( 'NONE',  ( -0.2086461249163694687, 0.02362204724409368989, 6.456692913385826849 ) ) ;
#2188 = AXIS2_PLACEMENT_3D ( 'NONE', #272, #1166, #2098 ) ;
#2189 = CARTESIAN_POINT ( 'NONE',  ( 0.3460533941535766100, 0.2002578262228216499, -0.6921067883071675420 ) ) ;
#2190 = VERTEX_POINT ( 'NONE', #2716 ) ;
#2191 = CARTESIAN_POINT ( 'NONE',  ( 0.0000000000000000000, 0.0000000000000000000, 0.0000000000000000000 ) ) ;
#2192 = CARTESIAN_POINT ( 'NONE',  ( 0.0000000000000000000, 0.1692913385826770312, 0.0000000000000000000 ) ) ;
#2193 = COLOUR_RGB ( '',0.3333333333333333148, 0.3333333333333333148, 0.3333333333333333148 ) ;
#2194 = AXIS2_PLACEMENT_3D ( 'NONE', #1950, #2856, #842 ) ;
#2195 = CARTESIAN_POINT ( 'NONE',  ( -0.1526534748668547103, 0.2133667813475458030, 0.3053069497337020932 ) ) ;
#2196 = AXIS2_PLACEMENT_3D ( 'NONE', #63, #1668, #2060 ) ;
#2197 = EDGE_CURVE ( 'NONE', #778, #2063, #2464, .T. ) ;
#2198 = COLOUR_RGB ( '',0.3333333333333333148, 0.3333333333333333148, 0.3333333333333333148 ) ;
#2199 = AXIS2_PLACEMENT_3D ( 'NONE', #528, #93, #987 ) ;
#2200 = EDGE_LOOP ( 'NONE', ( #2908, #2423, #155, #2829 ) ) ;
#2201 = CARTESIAN_POINT ( 'NONE',  ( 0.0000000000000000000, 0.06692913385826765316, 0.0000000000000000000 ) ) ;
#2202 = EDGE_CURVE ( 'NONE', #2592, #1282, #508, .T. ) ;
#2203 =( NAMED_UNIT ( * ) SI_UNIT ( $, .STERADIAN. ) SOLID_ANGLE_UNIT ( ) );
#2204 = VECTOR ( 'NONE', #1571, 39.37007874015748143 ) ;
#2205 = CARTESIAN_POINT ( 'NONE',  ( -0.5774765688416882981, 0.2002514002363757206, -1.154953137683341291 ) ) ;
#2206 = VERTEX_POINT ( 'NONE', #2891 ) ;
#2207 = CARTESIAN_POINT ( 'NONE',  ( -0.6473990711985351254, 0.1761389434064650761, -1.014188648954919385E-14 ) ) ;
#2208 = CARTESIAN_POINT ( 'NONE',  ( -0.4181008279649997550, 0.2143133890609769665, -5.120258406881951729E-17 ) ) ;
#2209 = CARTESIAN_POINT ( 'NONE',  ( -0.1526534748668499364, 0.2133667813475457753, -2.391406295144443013E-15 ) ) ;
#2210 = PRODUCT_RELATED_PRODUCT_CATEGORY ( 'part', '', ( #2040 ) ) ;
#2211 = ORIENTED_EDGE ( 'NONE', *, *, #2528, .F. ) ;
#2212 = DIRECTION ( 'NONE',  ( 0.0000000000000000000, 0.0000000000000000000, 1.000000000000000000 ) ) ;
#2213 = SURFACE_STYLE_USAGE ( .BOTH. , #2680 ) ;
#2214 = SURFACE_STYLE_FILL_AREA ( #1266 ) ;
#2215 = CARTESIAN_POINT ( 'NONE',  ( -0.4181008279650167969, 0.2143133890609769943, -0.8362016559300086138 ) ) ;
#2216 = EDGE_CURVE ( 'NONE', #2628, #87, #887, .T. ) ;
#2217 = VERTEX_POINT ( 'NONE', #643 ) ;
#2218 = CARTESIAN_POINT ( 'NONE',  ( -0.1248730613234746573, 0.2197697315699903564, -0.2497461226469466500 ) ) ;
#2219 = UNCERTAINTY_MEASURE_WITH_UNIT (LENGTH_MEASURE( 1.000000000000000082E-05 ), #1, 'distance_accuracy_value', 'NONE');
#2220 = DIRECTION ( 'NONE',  ( 0.0000000000000000000, 1.000000000000000000, 0.0000000000000000000 ) ) ;
#2221 = FILL_AREA_STYLE_COLOUR ( '', #604 ) ;
#2222 = CARTESIAN_POINT ( 'NONE',  ( 0.1526534748668499364, 0.2133667813475457753, 0.0000000000000000000 ) ) ;
#2223 = CARTESIAN_POINT ( 'NONE',  ( -0.2986215340048686828, 0.1780875068731720967, -4.678081628392805738E-15 ) ) ;
#2224 = CARTESIAN_POINT ( 'NONE',  ( -0.1526534748668499364, 0.2133667813475457753, 3.099726348648905156E-15 ) ) ;
#2225 = CARTESIAN_POINT ( 'NONE',  ( 0.6498533826253535262, 0.1792173173961308374, 0.0000000000000000000 ) ) ;
#2226 = FILL_AREA_STYLE ('',( #2240 ) ) ;
#2227 = CARTESIAN_POINT ( 'NONE',  ( 3.857155272905049219E-17, 0.0000000000000000000, 0.3149606299212598381 ) ) ;
#2228 = SURFACE_SIDE_STYLE ('',( #797 ) ) ;
#2229 = CARTESIAN_POINT ( 'NONE',  ( -0.5444453428435599429, 0.1849614402069369445, 1.105531057241497546E-14 ) ) ;
#2230 = CIRCLE ( 'NONE', #878, 0.6041456480953052433 ) ;
#2231 = CARTESIAN_POINT ( 'NONE',  ( 0.0000000000000000000, 0.06692913385826765316, 0.0000000000000000000 ) ) ;
#2232 = PRESENTATION_STYLE_ASSIGNMENT (( #673 ) ) ;
#2233 = PRESENTATION_LAYER_ASSIGNMENT (  '', '', ( #2756 ) ) ;
#2234 = CARTESIAN_POINT ( 'NONE',  ( 0.3060989644730903736, 0.1800665235920397844, 0.6121979289461905172 ) ) ;
#2235 = CYLINDRICAL_SURFACE ( 'NONE', #2184, 0.6496062992125983815 ) ;
#2236 = CIRCLE ( 'NONE', #916, 0.002544939712856287423 ) ;
#2237 = FILL_AREA_STYLE ('',( #681 ) ) ;
#2238 = STYLED_ITEM ( 'NONE', ( #625 ), #1204 ) ;
#2239 = VECTOR ( 'NONE', #566, 39.37007874015748143 ) ;
#2240 = FILL_AREA_STYLE_COLOUR ( '', #2334 ) ;
#2241 = FILL_AREA_STYLE_COLOUR ( '', #1728 ) ;
#2242 = CARTESIAN_POINT ( 'NONE',  ( -0.4968772472354874847, 0.1726491269270444828, -0.9937544944709449934 ) ) ;
#2243 = STYLED_ITEM ( 'NONE', ( #684 ), #1766 ) ;
#2244 = ORIENTED_EDGE ( 'NONE', *, *, #2304, .F. ) ;
#2245 = AXIS2_PLACEMENT_3D ( 'NONE', #2498, #2220, #2466 ) ;
#2246 = CARTESIAN_POINT ( 'NONE',  ( -0.003151074920650226863, 0.1769517321540278465, 2.200383856549375036E-17 ) ) ;
#2247 = DIRECTION ( 'NONE',  ( -0.0000000000000000000, -1.000000000000000000, -0.0000000000000000000 ) ) ;
#2248 = CARTESIAN_POINT ( 'NONE',  ( 0.0000000000000000000, 0.04724409448818890633, 0.0000000000000000000 ) ) ;
#2249 = CARTESIAN_POINT ( 'NONE',  ( 0.3828783613019213217, 0.2169911204086175105, 9.377815192623713684E-17 ) ) ;
#2250 = CARTESIAN_POINT ( 'NONE',  ( -0.1948665973573143473, 0.02362204724409368989, 6.456692913385826849 ) ) ;
#2251 = EDGE_CURVE ( 'NONE', #1432, #2063, #1400, .T. ) ;
#2252 = DIRECTION ( 'NONE',  ( 0.0000000000000000000, -1.000000000000000000, 0.0000000000000000000 ) ) ;
#2253 = DIMENSIONAL_EXPONENTS ( 1.000000000000000000, 0.0000000000000000000, 0.0000000000000000000, 0.0000000000000000000, 0.0000000000000000000, 0.0000000000000000000, 0.0000000000000000000 ) ;
#2254 = LINE ( 'NONE', #95, #1523 ) ;
#2255 = CARTESIAN_POINT ( 'NONE',  ( -0.6245322372807146083, 0.1919565535483955254, -7.648314053501625259E-17 ) ) ;
#2256 = CARTESIAN_POINT ( 'NONE',  ( 0.0000000000000000000, 0.1761389434064651038, 0.0000000000000000000 ) ) ;
#2257 = CARTESIAN_POINT ( 'NONE',  ( -0.1188779279662752625, 0.2044455008525815354, -1.455834739731686150E-17 ) ) ;
#2258 = PRESENTATION_STYLE_ASSIGNMENT (( #1145 ) ) ;
#2259 = DIRECTION ( 'NONE',  ( 1.000000000000000000, 0.0000000000000000000, -1.224646799147353207E-16 ) ) ;
#2260 = VERTEX_POINT ( 'NONE', #1323 ) ;
#2261 = DIRECTION ( 'NONE',  ( 0.0000000000000000000, 0.0000000000000000000, -1.000000000000000000 ) ) ;
#2262 = CARTESIAN_POINT ( 'NONE',  ( 0.6372522310881898466, 0.1842287680062450195, 0.0000000000000000000 ) ) ;
#2263 = CARTESIAN_POINT ( 'NONE',  ( -0.4181008279649997550, 0.2143133890609769665, -6.549794905570999003E-15 ) ) ;
#2264 = CARTESIAN_POINT ( 'NONE',  ( 0.07066818080894340937, 0.1740677082108597895, 0.0000000000000000000 ) ) ;
#2265 = CARTESIAN_POINT ( 'NONE',  ( 0.2421259842519685457, 0.04724409448818890633, 0.2586991666985375415 ) ) ;
#2266 = EDGE_CURVE ( 'NONE', #1312, #1013, #651, .T. ) ;
#2267 = CARTESIAN_POINT ( 'NONE',  ( -0.2017563611368419219, 0.04724409448818891327, 0.2954354274324907381 ) ) ;
#2268 = FACE_OUTER_BOUND ( 'NONE', #1836, .T. ) ;
#2269 = VERTEX_POINT ( 'NONE', #2003 ) ;
#2270 = ORIENTED_EDGE ( 'NONE', *, *, #1098, .F. ) ;
#2271 = CARTESIAN_POINT ( 'NONE',  ( 0.1248730613234729087, 0.2197697315699903842, 0.0000000000000000000 ) ) ;
#2272 = AXIS2_PLACEMENT_3D ( 'NONE', #1200, #2072, #1652 ) ;
#2273 = DIRECTION ( 'NONE',  ( 0.0000000000000000000, 0.0000000000000000000, 1.000000000000000000 ) ) ;
#2274 = CARTESIAN_POINT ( 'NONE',  ( 0.2541874638491186111, 0.1801050991141626700, 0.0000000000000000000 ) ) ;
#2275 = CARTESIAN_POINT ( 'NONE',  ( -0.4251017397069483117, 0.2122593393298574382, -6.659468297716506848E-15 ) ) ;
#2276 = DIRECTION ( 'NONE',  ( 0.0000000000000000000, 0.0000000000000000000, -1.000000000000000000 ) ) ;
#2277 = DIRECTION ( 'NONE',  ( 1.000000000000000000, 0.0000000000000000000, 0.0000000000000000000 ) ) ;
#2278 = FILL_AREA_STYLE ('',( #1842 ) ) ;
#2279 = CARTESIAN_POINT ( 'NONE',  ( 0.06133974496198478510, 0.1744149354604239421, 0.0000000000000000000 ) ) ;
#2280 = EDGE_CURVE ( 'NONE', #1180, #2874, #1789, .T. ) ;
#2281 = CARTESIAN_POINT ( 'NONE',  ( -0.2017563611368419219, 0.02362204724409442194, 0.3543307086614174151 ) ) ;
#2282 = CYLINDRICAL_SURFACE ( 'NONE', #207, 0.01968503937007875723 ) ;
#2283 = COLOUR_RGB ( '',0.7921568627450980005, 0.8196078431372548767, 0.9333333333333333481 ) ;
#2284 = VERTEX_POINT ( 'NONE', #1193 ) ;
#2285 = LINE ( 'NONE', #1368, #2158 ) ;
#2286 = ADVANCED_FACE ( 'NONE', ( #477 ), #86, .T. ) ;
#2287 = VERTEX_POINT ( 'NONE', #2735 ) ;
#2288 = AXIS2_PLACEMENT_3D ( 'NONE', #2826, #1700, #1245 ) ;
#2289 = ORIENTED_EDGE ( 'NONE', *, *, #1858, .T. ) ;
#2290 = CARTESIAN_POINT ( 'NONE',  ( -0.2015121395937424509, 0.2191190094240818009, -2.530380391400937528E-15 ) ) ;
#2291 = CARTESIAN_POINT ( 'NONE',  ( -0.5037251400172224614, 0.1715256334014943485, -7.891150017452330756E-15 ) ) ;
#2292 = COLOUR_RGB ( '',0.7921568627450980005, 0.8196078431372548767, 0.9333333333333333481 ) ;
#2293 = CARTESIAN_POINT ( 'NONE',  ( -0.6498533826253535262, 0.1792173173961308374, -7.958408649472194098E-17 ) ) ;
#2294 =( CONVERSION_BASED_UNIT ( 'INCH', #1202 ) LENGTH_UNIT ( ) NAMED_UNIT ( #720 ) );
#2295 = CARTESIAN_POINT ( 'NONE',  ( -0.06133974496198727616, 0.1744149354604239421, -0.1226794899239708053 ) ) ;
#2296 = DIRECTION ( 'NONE',  ( 0.0000000000000000000, 0.0000000000000000000, 1.000000000000000000 ) ) ;
#2297 =( NAMED_UNIT ( * ) SI_UNIT ( $, .STERADIAN. ) SOLID_ANGLE_UNIT ( ) );
#2298 =( BOUNDED_SURFACE ( )  B_SPLINE_SURFACE ( 3, 3, ( 
 ( #1636, #1383, #2543, #2058 ),
 ( #1160, #747, #62, #514 ),
 ( #263, #49, #1173, #1856 ),
 ( #2523, #2074, #278, #485 ),
 ( #2279, #940, #2295, #2745 ),
 ( #730, #1618, #2347, #556 ),
 ( #1671, #1892, #1449, #328 ),
 ( #1223, #2122, #2576, #111 ),
 ( #992, #2791, #156, #335 ),
 ( #1916, #1269, #2820, #1694 ),
 ( #139, #830, #1737, #1029 ),
 ( #617, #2451, #1112, #465 ),
 ( #1527, #409, #425, #2224 ),
 ( #2652, #1078, #570, #2011 ),
 ( #432, #815, #168, #573 ),
 ( #2369, #2351, #1451, #2607 ),
 ( #1894, #781, #2618, #346 ),
 ( #1226, #2595, #1929, #996 ),
 ( #1911, #2176, #2163, #1464 ),
 ( #2857, #1676, #1706, #601 ),
 ( #2796, #2126, #1492, #1239 ),
 ( #2143, #1052, #1734, #115 ),
 ( #1505, #1280, #332, #1267 ),
 ( #2831, #1952, #136, #843 ),
 ( #2400, #2631, #1010, #2578 ),
 ( #615, #559, #2409, #2817 ),
 ( #1254, #154, #798, #384 ),
 ( #1040, #2189, #1940, #2842 ),
 ( #372, #1691, #584, #1026 ),
 ( #828, #1477, #2384, #360 ),
 ( #1719, #228, #1793, #2670 ),
 ( #399, #1297, #2215, #2881 ),
 ( #2650, #1124, #1804, #867 ),
 ( #1353, #1082, #2449, #1987 ),
 ( #1967, #1338, #212, #202 ),
 ( #2889, #2426, #1756, #2015 ),
 ( #2478, #1974, #640, #657 ),
 ( #2692, #2461, #687, #1551 ),
 ( #1534, #430, #2242, #2640 ),
 ( #1109, #2682, #880, #4 ),
 ( #2441, #417, #1311, #1578 ),
 ( #903, #1069, #2872, #671 ),
 ( #1095, #444, #463, #181 ),
 ( #1773, #856, #1321, #2229 ),
 ( #1999, #2907, #891, #1560 ),
 ( #1747, #626, #2205, #1517 ),
 ( #193, #1605, #2313, #83 ),
 ( #1845, #2779, #2559, #1588 ),
 ( #2545, #1163, #297, #1388 ),
 ( #1403, #1863, #1190, #2493 ),
 ( #35, #1879, #1134, #975 ),
 ( #765, #475, #2095, #2763 ) ),
 .UNSPECIFIED., .F., .F., .F. ) 
 B_SPLINE_SURFACE_WITH_KNOTS ( ( 4, 2, 2, 2, 2, 2, 2, 2, 2, 2, 2, 2, 2, 2, 2, 2, 2, 2, 2, 2, 2, 2, 2, 2, 2, 4 ),
 ( 4, 4 ),
 ( 0.0000000000000000000, 0.06250000000000005551, 0.09375000000000009714, 0.1250000000000001388, 0.1562500000000001943, 0.1875000000000002220, 0.2500000000000003331, 0.2812500000000003886, 0.3125000000000003886, 0.3750000000000002776, 0.4062500000000001665, 0.4375000000000001110, 0.4687500000000000000, 0.4999999999999999445, 0.5624999999999994449, 0.6249999999999990008, 0.6562499999999988898, 0.6874999999999987788, 0.7499999999999988898, 0.7656249999999990008, 0.7812499999999991118, 0.8124999999999991118, 0.8749999999999994449, 0.9062499999999995559, 0.9374999999999996669, 1.000000000000000000 ),
 ( 0.0000000000000000000, 1.000000000000000000 ),
 .UNSPECIFIED. ) 
 GEOMETRIC_REPRESENTATION_ITEM ( )  RATIONAL_B_SPLINE_SURFACE ( (
 ( 1.000000000000000000, 0.3333333333333265425, 0.3333333333333265425, 1.000000000000000000),
 ( 1.000000000000000000, 0.3333333333333265425, 0.3333333333333265425, 1.000000000000000000),
 ( 1.000000000000000000, 0.3333333333333265425, 0.3333333333333265425, 1.000000000000000000),
 ( 1.000000000000000000, 0.3333333333333265425, 0.3333333333333265425, 1.000000000000000000),
 ( 1.000000000000000000, 0.3333333333333265425, 0.3333333333333265425, 1.000000000000000000),
 ( 1.000000000000000000, 0.3333333333333265425, 0.3333333333333265425, 1.000000000000000000),
 ( 1.000000000000000000, 0.3333333333333265425, 0.3333333333333265425, 1.000000000000000000),
 ( 1.000000000000000000, 0.3333333333333265425, 0.3333333333333265425, 1.000000000000000000),
 ( 1.000000000000000000, 0.3333333333333265425, 0.3333333333333265425, 1.000000000000000000),
 ( 1.000000000000000000, 0.3333333333333265425, 0.3333333333333265425, 1.000000000000000000),
 ( 1.000000000000000000, 0.3333333333333265425, 0.3333333333333265425, 1.000000000000000000),
 ( 1.000000000000000000, 0.3333333333333265425, 0.3333333333333265425, 1.000000000000000000),
 ( 1.000000000000000000, 0.3333333333333265425, 0.3333333333333265425, 1.000000000000000000),
 ( 1.000000000000000000, 0.3333333333333265425, 0.3333333333333265425, 1.000000000000000000),
 ( 1.000000000000000000, 0.3333333333333265425, 0.3333333333333265425, 1.000000000000000000),
 ( 1.000000000000000000, 0.3333333333333265425, 0.3333333333333265425, 1.000000000000000000),
 ( 1.000000000000000000, 0.3333333333333265425, 0.3333333333333265425, 1.000000000000000000),
 ( 1.000000000000000000, 0.3333333333333265425, 0.3333333333333265425, 1.000000000000000000),
 ( 1.000000000000000000, 0.3333333333333265425, 0.3333333333333265425, 1.000000000000000000),
 ( 1.000000000000000000, 0.3333333333333265425, 0.3333333333333265425, 1.000000000000000000),
 ( 1.000000000000000000, 0.3333333333333265425, 0.3333333333333265425, 1.000000000000000000),
 ( 1.000000000000000000, 0.3333333333333265425, 0.3333333333333265425, 1.000000000000000000),
 ( 1.000000000000000000, 0.3333333333333265425, 0.3333333333333265425, 1.000000000000000000),
 ( 1.000000000000000000, 0.3333333333333265425, 0.3333333333333265425, 1.000000000000000000),
 ( 1.000000000000000000, 0.3333333333333265425, 0.3333333333333265425, 1.000000000000000000),
 ( 1.000000000000000000, 0.3333333333333265425, 0.3333333333333265425, 1.000000000000000000),
 ( 1.000000000000000000, 0.3333333333333265425, 0.3333333333333265425, 1.000000000000000000),
 ( 1.000000000000000000, 0.3333333333333265425, 0.3333333333333265425, 1.000000000000000000),
 ( 1.000000000000000000, 0.3333333333333265425, 0.3333333333333265425, 1.000000000000000000),
 ( 1.000000000000000000, 0.3333333333333265425, 0.3333333333333265425, 1.000000000000000000),
 ( 1.000000000000000000, 0.3333333333333265425, 0.3333333333333265425, 1.000000000000000000),
 ( 1.000000000000000000, 0.3333333333333265425, 0.3333333333333265425, 1.000000000000000000),
 ( 1.000000000000000000, 0.3333333333333265425, 0.3333333333333265425, 1.000000000000000000),
 ( 1.000000000000000000, 0.3333333333333265425, 0.3333333333333265425, 1.000000000000000000),
 ( 1.000000000000000000, 0.3333333333333265425, 0.3333333333333265425, 1.000000000000000000),
 ( 1.000000000000000000, 0.3333333333333265425, 0.3333333333333265425, 1.000000000000000000),
 ( 1.000000000000000000, 0.3333333333333265425, 0.3333333333333265425, 1.000000000000000000),
 ( 1.000000000000000000, 0.3333333333333265425, 0.3333333333333265425, 1.000000000000000000),
 ( 1.000000000000000000, 0.3333333333333265425, 0.3333333333333265425, 1.000000000000000000),
 ( 1.000000000000000000, 0.3333333333333265425, 0.3333333333333265425, 1.000000000000000000),
 ( 1.000000000000000000, 0.3333333333333265425, 0.3333333333333265425, 1.000000000000000000),
 ( 1.000000000000000000, 0.3333333333333265425, 0.3333333333333265425, 1.000000000000000000),
 ( 1.000000000000000000, 0.3333333333333265425, 0.3333333333333265425, 1.000000000000000000),
 ( 1.000000000000000000, 0.3333333333333265425, 0.3333333333333265425, 1.000000000000000000),
 ( 1.000000000000000000, 0.3333333333333265425, 0.3333333333333265425, 1.000000000000000000),
 ( 1.000000000000000000, 0.3333333333333265425, 0.3333333333333265425, 1.000000000000000000),
 ( 1.000000000000000000, 0.3333333333333265425, 0.3333333333333265425, 1.000000000000000000),
 ( 1.000000000000000000, 0.3333333333333265425, 0.3333333333333265425, 1.000000000000000000),
 ( 1.000000000000000000, 0.3333333333333265425, 0.3333333333333265425, 1.000000000000000000),
 ( 1.000000000000000000, 0.3333333333333265425, 0.3333333333333265425, 1.000000000000000000),
 ( 1.000000000000000000, 0.3333333333333265425, 0.3333333333333265425, 1.000000000000000000),
 ( 1.000000000000000000, 0.3333333333333265425, 0.3333333333333265425, 1.000000000000000000) ) ) 
 REPRESENTATION_ITEM ( '' )  SURFACE ( )  );
#2299 = VERTEX_POINT ( 'NONE', #690 ) ;
#2300 = FILL_AREA_STYLE_COLOUR ( '', #2292 ) ;
#2301 = ORIENTED_EDGE ( 'NONE', *, *, #1359, .F. ) ;
#2302 = CARTESIAN_POINT ( 'NONE',  ( 0.0000000000000000000, 0.1792173173961308374, 0.0000000000000000000 ) ) ;
#2303 = DIRECTION ( 'NONE',  ( 0.0000000000000000000, 0.0000000000000000000, 1.000000000000000000 ) ) ;
#2304 = EDGE_CURVE ( 'NONE', #1367, #2173, #2285, .T. ) ;
#2305 = ORIENTED_EDGE ( 'NONE', *, *, #913, .F. ) ;
#2306 = CARTESIAN_POINT ( 'NONE',  ( 0.2618110236220473341, 0.04724409448818890633, 0.2586991666985375415 ) ) ;
#2307 = CARTESIAN_POINT ( 'NONE',  ( -0.4770518273094471184, 0.1800974114635978118, -7.473296915992521849E-15 ) ) ;
#2308 = CARTESIAN_POINT ( 'NONE',  ( 8.437527159479795321E-17, 0.2362204724409449064, 0.6889763779527559029 ) ) ;
#2309 = CARTESIAN_POINT ( 'NONE',  ( -0.08220151307805777241, 0.1824535550159782360, 0.1644030261561116313 ) ) ;
#2310 = PRESENTATION_STYLE_ASSIGNMENT (( #2108 ) ) ;
#2311 = CARTESIAN_POINT ( 'NONE',  ( -0.1951982895846077481, 0.2075055388899667286, -2.390489605388279461E-17 ) ) ;
#2312 = CARTESIAN_POINT ( 'NONE',  ( -0.2017563611368419219, -8.024803481388773574E-16, 6.338582677165354617 ) ) ;
#2313 = CARTESIAN_POINT ( 'NONE',  ( -0.5840921404569497932, 0.2009975671698491506, -1.168184280913864503 ) ) ;
#2314 = ORIENTED_EDGE ( 'NONE', *, *, #326, .T. ) ;
#2315 = ORIENTED_EDGE ( 'NONE', *, *, #1233, .F. ) ;
#2316 = PRESENTATION_STYLE_ASSIGNMENT (( #1408 ) ) ;
#2317 = DIRECTION ( 'NONE',  ( 1.318477066661416368E-16, 0.0000000000000000000, 1.000000000000000000 ) ) ;
#2318 = EDGE_LOOP ( 'NONE', ( #2047, #932, #1964, #658 ) ) ;
#2319 = EDGE_CURVE ( 'NONE', #2284, #194, #801, .T. ) ;
#2320 = VECTOR ( 'NONE', #665, 39.37007874015748143 ) ;
#2321 = CARTESIAN_POINT ( 'NONE',  ( 0.2015121395937423121, 0.2191190094240817454, 0.4030242791874898978 ) ) ;
#2322 = FILL_AREA_STYLE_COLOUR ( '', #2644 ) ;
#2323 = CARTESIAN_POINT ( 'NONE',  ( 0.2017563611368419219, -5.975917486140575174E-17, 0.3543307086614174151 ) ) ;
#2324 = AXIS2_PLACEMENT_3D ( 'NONE', #2561, #2303, #2797 ) ;
#2325 = CARTESIAN_POINT ( 'NONE',  ( 0.03171989902676156797, 0.1701238011403935768, 7.769134562480174007E-18 ) ) ;
#2326 =( CONVERSION_BASED_UNIT ( 'INCH', #266 ) LENGTH_UNIT ( ) NAMED_UNIT ( #239 ) );
#2327 = CARTESIAN_POINT ( 'NONE',  ( -0.3575423883091309873, 0.2083538137197429863, -4.378631414022773146E-17 ) ) ;
#2328 = STYLED_ITEM ( 'NONE', ( #1921 ), #766 ) ;
#2329 = DIRECTION ( 'NONE',  ( 0.0000000000000000000, 0.0000000000000000000, -1.000000000000000000 ) ) ;
#2330 = ORIENTED_EDGE ( 'NONE', *, *, #1030, .F. ) ;
#2331 = EDGE_LOOP ( 'NONE', ( #991, #315, #373, #2620, #19, #1589 ) ) ;
#2332 = CIRCLE ( 'NONE', #1769, 0.3149606299212598381 ) ;
#2333 = DIRECTION ( 'NONE',  ( -0.0000000000000000000, -1.000000000000000000, -0.0000000000000000000 ) ) ;
#2334 = COLOUR_RGB ( '',0.7921568627450980005, 0.8196078431372548767, 0.9333333333333333481 ) ;
#2335 = EDGE_LOOP ( 'NONE', ( #285, #740 ) ) ;
#2336 = CARTESIAN_POINT ( 'NONE',  ( -0.3681861936811547942, 0.2251810377203327940, -4.623300247586039837E-15 ) ) ;
#2337 = CARTESIAN_POINT ( 'NONE',  ( 0.4770518273094468409, 0.1800974114635978118, 0.9541036546189086698 ) ) ;
#2338 = PRESENTATION_LAYER_ASSIGNMENT (  '', '', ( #2536 ) ) ;
#2339 = MANIFOLD_SOLID_BREP ( '??1[1]', #1009 ) ;
#2340 = DIRECTION ( 'NONE',  ( 0.0000000000000000000, -1.000000000000000000, 0.0000000000000000000 ) ) ;
#2341 = DIRECTION ( 'NONE',  ( 0.0000000000000000000, 0.0000000000000000000, 1.000000000000000000 ) ) ;
#2342 = CARTESIAN_POINT ( 'NONE',  ( -0.1007669639867810329, 0.1939537854326396638, -1.578573643546396248E-15 ) ) ;
#2343 = EDGE_CURVE ( 'NONE', #2695, #1678, #1540, .T. ) ;
#2344 = FACE_OUTER_BOUND ( 'NONE', #1949, .T. ) ;
#2345 = SURFACE_SIDE_STYLE ('',( #162 ) ) ;
#2346 = CARTESIAN_POINT ( 'NONE',  ( 0.2017563611368419219, 0.02362204724409368989, 6.456692913385826849 ) ) ;
#2347 = CARTESIAN_POINT ( 'NONE',  ( -0.07547182874134941710, 0.1791388495331930064, -0.1509436574826942823 ) ) ;
#2348 = ORIENTED_EDGE ( 'NONE', *, *, #2780, .F. ) ;
#2349 = CYLINDRICAL_SURFACE ( 'NONE', #1529, 0.006889763779527552021 ) ;
#2350 = CARTESIAN_POINT ( 'NONE',  ( -0.05399529660753223798, 0.1728571810361272387, -6.612516715942629058E-18 ) ) ;
#2351 = CARTESIAN_POINT ( 'NONE',  ( 0.1951982895846076371, 0.2075055388899666731, -0.3903965791692232679 ) ) ;
#2352 = DIRECTION ( 'NONE',  ( -0.0000000000000000000, -0.0000000000000000000, -1.000000000000000000 ) ) ;
#2353 = ORIENTED_EDGE ( 'NONE', *, *, #786, .F. ) ;
#2354 = CARTESIAN_POINT ( 'NONE',  ( -0.5752846546625799418, 0.2221494232238619138, 1.150569309325137901 ) ) ;
#2355 = CARTESIAN_POINT ( 'NONE',  ( -0.4968772472354672787, 0.1726491269270444828, -7.783873757144157192E-15 ) ) ;
#2356 = LENGTH_MEASURE_WITH_UNIT ( LENGTH_MEASURE( 0.02539999999999999897 ), #2117 );
#2357 = DIRECTION ( 'NONE',  ( 0.0000000000000000000, 1.000000000000000000, 0.0000000000000000000 ) ) ;
#2358 = CARTESIAN_POINT ( 'NONE',  ( 0.002544939712856287423, 0.1730616638885683900, 0.005089879425712652908 ) ) ;
#2359 = FILL_AREA_STYLE_COLOUR ( '', #455 ) ;
#2360 = CARTESIAN_POINT ( 'NONE',  ( -0.2215239290680116879, 0.1962846386648305075, -2.712885706676859070E-17 ) ) ;
#2361 = ADVANCED_FACE ( 'NONE', ( #1938 ), #316, .F. ) ;
#2362 =( NAMED_UNIT ( * ) SI_UNIT ( $, .STERADIAN. ) SOLID_ANGLE_UNIT ( ) );
#2363 = CARTESIAN_POINT ( 'NONE',  ( 0.0000000000000000000, 0.0000000000000000000, 0.0000000000000000000 ) ) ;
#2364 = CARTESIAN_POINT ( 'NONE',  ( -0.2017563611368419219, 0.04724409448818891327, 0.3543307086614174151 ) ) ;
#2365 = PRESENTATION_STYLE_ASSIGNMENT (( #1006 ) ) ;
#2366 = ORIENTED_EDGE ( 'NONE', *, *, #668, .F. ) ;
#2367 = DIRECTION ( 'NONE',  ( 0.0000000000000000000, 0.0000000000000000000, 1.000000000000000000 ) ) ;
#2368 = LENGTH_MEASURE_WITH_UNIT ( LENGTH_MEASURE( 0.02539999999999999897 ), #2383 );
#2369 = CARTESIAN_POINT ( 'NONE',  ( 0.1951982895846077481, 0.2075055388899667286, 0.0000000000000000000 ) ) ;
#2370 = CARTESIAN_POINT ( 'NONE',  ( 0.06133974496198478510, 0.1744149354604239421, 0.0000000000000000000 ) ) ;
#2371 = ORIENTED_EDGE ( 'NONE', *, *, #96, .T. ) ;
#2372 = CARTESIAN_POINT ( 'NONE',  ( -0.6044764771306833095, 0.1987671400432625135, 1.208952954261337975 ) ) ;
#2373 = DIRECTION ( 'NONE',  ( 0.0000000000000000000, 0.0000000000000000000, 1.000000000000000000 ) ) ;
#2374 = DIRECTION ( 'NONE',  ( 0.0000000000000000000, 1.000000000000000000, 0.0000000000000000000 ) ) ;
#2375 = CARTESIAN_POINT ( 'NONE',  ( -0.06133974496198478510, 0.1744149354604239421, -9.609231127728473391E-16 ) ) ;
#2376 = DIRECTION ( 'NONE',  ( 1.885445916871421883E-17, 0.9880773394266971765, -0.1539583427796604453 ) ) ;
#2377 = ADVANCED_FACE ( 'NONE', ( #2792 ), #557, .T. ) ;
#2378 = DIRECTION ( 'NONE',  ( 0.0000000000000000000, 0.0000000000000000000, -1.000000000000000000 ) ) ;
#2379 = ORIENTED_EDGE ( 'NONE', *, *, #823, .T. ) ;
#2380 = DIRECTION ( 'NONE',  ( 0.0000000000000000000, 1.000000000000000000, 0.0000000000000000000 ) ) ;
#2381 =( GEOMETRIC_REPRESENTATION_CONTEXT ( 3 ) GLOBAL_UNCERTAINTY_ASSIGNED_CONTEXT ( ( #1541 ) ) GLOBAL_UNIT_ASSIGNED_CONTEXT ( ( #1133, #2711, #2297 ) ) REPRESENTATION_CONTEXT ( 'NONE', 'WORKASPACE' ) );
#2382 = DIRECTION ( 'NONE',  ( 0.0000000000000000000, 1.000000000000000000, 0.0000000000000000000 ) ) ;
#2383 =( LENGTH_UNIT ( ) NAMED_UNIT ( * ) SI_UNIT ( $, .METRE. ) );
#2384 = CARTESIAN_POINT ( 'NONE',  ( -0.3828783613019368093, 0.2169911204086174550, -0.7657567226038511921 ) ) ;
#2385 = EDGE_CURVE ( 'NONE', #2287, #1693, #2669, .T. ) ;
#2386 = AXIS2_PLACEMENT_3D ( 'NONE', #2505, #1814, #2296 ) ;
#2387 = ORIENTED_EDGE ( 'NONE', *, *, #994, .F. ) ;
#2388 = CIRCLE ( 'NONE', #2471, 0.6155108108746286666 ) ;
#2389 = DIRECTION ( 'NONE',  ( 0.0000000000000000000, 1.000000000000000000, 0.0000000000000000000 ) ) ;
#2390 = COLOUR_RGB ( '',0.7921568627450980005, 0.8196078431372548767, 0.9333333333333333481 ) ;
#2391 = CARTESIAN_POINT ( 'NONE',  ( -0.1383223360145295622, 0.2115346253237188057, -2.166900592290832801E-15 ) ) ;
#2392 =( GEOMETRIC_REPRESENTATION_CONTEXT ( 3 ) GLOBAL_UNCERTAINTY_ASSIGNED_CONTEXT ( ( #695 ) ) GLOBAL_UNIT_ASSIGNED_CONTEXT ( ( #416, #1803, #2043 ) ) REPRESENTATION_CONTEXT ( 'NONE', 'WORKASPACE' ) );
#2393 =( NAMED_UNIT ( * ) PLANE_ANGLE_UNIT ( ) SI_UNIT ( $, .RADIAN. ) );
#2394 = AXIS2_PLACEMENT_3D ( 'NONE', #989, #1601, #968 ) ;
#2395 =( LENGTH_UNIT ( ) NAMED_UNIT ( * ) SI_UNIT ( $, .METRE. ) );
#2396 = CARTESIAN_POINT ( 'NONE',  ( 0.0000000000000000000, 0.06692913385826765316, 0.6155108108746286666 ) ) ;
#2397 = MECHANICAL_DESIGN_GEOMETRIC_PRESENTATION_REPRESENTATION (  '', ( #2906 ), #2587 ) ;
#2398 = DIRECTION ( 'NONE',  ( 0.0000000000000000000, 0.0000000000000000000, -1.000000000000000000 ) ) ;
#2399 = ORIENTED_EDGE ( 'NONE', *, *, #936, .F. ) ;
#2400 = CARTESIAN_POINT ( 'NONE',  ( 0.3060989644730905401, 0.1800665235920397844, 0.0000000000000000000 ) ) ;
#2401 = EDGE_LOOP ( 'NONE', ( #1730, #2748, #413, #2183, #381, #418 ) ) ;
#2402 = ADVANCED_FACE ( 'NONE', ( #369, #1263 ), #1102, .T. ) ;
#2403 = CARTESIAN_POINT ( 'NONE',  ( 0.5774765688416645393, 0.2002514002363757206, 1.154953137683347508 ) ) ;
#2404 = FACE_BOUND ( 'NONE', #1625, .T. ) ;
#2405 = CARTESIAN_POINT ( 'NONE',  ( 8.678599364036363824E-17, 0.1299212598425196763, 0.7086614173228348301 ) ) ;
#2406 = ORIENTED_EDGE ( 'NONE', *, *, #2643, .F. ) ;
#2407 = DIRECTION ( 'NONE',  ( -0.0000000000000000000, -0.0000000000000000000, -1.000000000000000000 ) ) ;
#2408 = SURFACE_STYLE_USAGE ( .BOTH. , #2228 ) ;
#2409 = CARTESIAN_POINT ( 'NONE',  ( -0.3203668902310070066, 0.1855226886560549515, -0.6407337804619944732 ) ) ;
#2410 = EDGE_LOOP ( 'NONE', ( #2577, #1228 ) ) ;
#2411 = CARTESIAN_POINT ( 'NONE',  ( 0.2017563611368419219, -8.024803481388773574E-16, 6.338582677165354617 ) ) ;
#2412 = DIRECTION ( 'NONE',  ( 0.0000000000000000000, 0.0000000000000000000, -1.000000000000000000 ) ) ;
#2413 = EDGE_CURVE ( 'NONE', #2550, #2832, #321, .T. ) ;
#2414 = EDGE_LOOP ( 'NONE', ( #2765, #165 ) ) ;
#2415 = SPHERICAL_SURFACE ( 'NONE', #2709, 0.05889528122892669776 ) ;
#2416 = CARTESIAN_POINT ( 'NONE',  ( 0.1812694662921825739, 0.2109797255334494581, 0.3625389325843710875 ) ) ;
#2417 = EDGE_CURVE ( 'NONE', #616, #1276, #39, .T. ) ;
#2418 = CARTESIAN_POINT ( 'NONE',  ( 0.0000000000000000000, 0.1692913385826770312, 0.0000000000000000000 ) ) ;
#2419 = AXIS2_PLACEMENT_3D ( 'NONE', #1643, #518, #1418 ) ;
#2420 = CARTESIAN_POINT ( 'NONE',  ( -0.2017563611368419219, 0.02362204724409442194, 0.3543307086614174151 ) ) ;
#2421 = CLOSED_SHELL ( 'NONE', ( #117, #1425, #692, #1132, #2402, #1083, #1934 ) ) ;
#2422 = CIRCLE ( 'NONE', #2130, 0.6496062992125983815 ) ;
#2423 = ORIENTED_EDGE ( 'NONE', *, *, #244, .T. ) ;
#2424 =( LENGTH_UNIT ( ) NAMED_UNIT ( * ) SI_UNIT ( $, .METRE. ) );
#2425 = AXIS2_PLACEMENT_3D ( 'NONE', #2468, #1490, #2052 ) ;
#2426 = CARTESIAN_POINT ( 'NONE',  ( 0.4646349288882148931, 0.1899664698011723496, -0.9292698577764485490 ) ) ;
#2427 = EDGE_LOOP ( 'NONE', ( #721, #2839, #317, #780 ) ) ;
#2428 = FILL_AREA_STYLE ('',( #386 ) ) ;
#2429 = FILL_AREA_STYLE_COLOUR ( '', #2619 ) ;
#2430 = COLOUR_RGB ( '',0.2509803921568627416, 0.2509803921568627416, 0.2509803921568627416 ) ;
#2431 = AXIS2_PLACEMENT_3D ( 'NONE', #1616, #483, #1653 ) ;
#2432 = LINE ( 'NONE', #40, #314 ) ;
#2433 = EDGE_CURVE ( 'NONE', #2482, #2115, #438, .T. ) ;
#2434 = AXIS2_PLACEMENT_3D ( 'NONE', #2418, #2836, #2867 ) ;
#2435 =( GEOMETRIC_REPRESENTATION_CONTEXT ( 3 ) GLOBAL_UNCERTAINTY_ASSIGNED_CONTEXT ( ( #218 ) ) GLOBAL_UNIT_ASSIGNED_CONTEXT ( ( #2834, #1710, #2609 ) ) REPRESENTATION_CONTEXT ( 'NONE', 'WORKASPACE' ) );
#2436 = EDGE_CURVE ( 'NONE', #1036, #2080, #2054, .T. ) ;
#2437 = DIRECTION ( 'NONE',  ( -0.0000000000000000000, -0.0000000000000000000, -1.000000000000000000 ) ) ;
#2438 = ORIENTED_EDGE ( 'NONE', *, *, #1699, .T. ) ;
#2439 = CARTESIAN_POINT ( 'NONE',  ( -0.2618110236220473341, 0.04724409448818890633, 0.2586991666985375415 ) ) ;
#2440 = AXIS2_PLACEMENT_3D ( 'NONE', #1406, #1462, #329 ) ;
#2441 = CARTESIAN_POINT ( 'NONE',  ( 0.5072513846145755290, 0.1714163075617459175, 0.0000000000000000000 ) ) ;
#2442 = EDGE_LOOP ( 'NONE', ( #865, #1819, #758, #1915, #2494, #1248 ) ) ;
#2443 = DIRECTION ( 'NONE',  ( 0.0000000000000000000, 0.0000000000000000000, 1.000000000000000000 ) ) ;
#2444 = CARTESIAN_POINT ( 'NONE',  ( -0.1188779279662790372, 0.2044455008525815354, 0.2377558559325523291 ) ) ;
#2445 = CARTESIAN_POINT ( 'NONE',  ( -0.3216935093855349259, 0.1853513585691052290, -0.6433870187710631905 ) ) ;
#2446 = EDGE_CURVE ( 'NONE', #2217, #299, #1982, .T. ) ;
#2447 = DIRECTION ( 'NONE',  ( 0.0000000000000000000, 1.000000000000000000, 0.0000000000000000000 ) ) ;
#2448 = CARTESIAN_POINT ( 'NONE',  ( 0.0000000000000000000, 0.1299212598425196763, 0.0000000000000000000 ) ) ;
#2449 = CARTESIAN_POINT ( 'NONE',  ( -0.4386559324786579173, 0.2064779531048648864, -0.8773118649572893002 ) ) ;
#2450 = ORIENTED_EDGE ( 'NONE', *, *, #1561, .T. ) ;
#2451 = CARTESIAN_POINT ( 'NONE',  ( 0.1383223360145295899, 0.2115346253237188612, -0.2766446720290647310 ) ) ;
#2452 = CARTESIAN_POINT ( 'NONE',  ( 0.0000000000000000000, 0.1299212598425196763, 0.0000000000000000000 ) ) ;
#2453 = DIRECTION ( 'NONE',  ( 0.0000000000000000000, 0.0000000000000000000, -1.000000000000000000 ) ) ;
#2454 = CARTESIAN_POINT ( 'NONE',  ( 0.0000000000000000000, 0.1299212598425196763, 0.0000000000000000000 ) ) ;
#2455 = CARTESIAN_POINT ( 'NONE',  ( -0.3060989644730905401, 0.1800665235920397844, -4.795219966113629274E-15 ) ) ;
#2456 = FILL_AREA_STYLE_COLOUR ( '', #1053 ) ;
#2457 = CARTESIAN_POINT ( 'NONE',  ( -0.6498533826253626300, 0.1792173173961308374, -1.299706765250712159 ) ) ;
#2458 = DIRECTION ( 'NONE',  ( -0.0000000000000000000, -1.000000000000000000, -0.0000000000000000000 ) ) ;
#2459 = SURFACE_SIDE_STYLE ('',( #461 ) ) ;
#2460 = FACE_OUTER_BOUND ( 'NONE', #1953, .T. ) ;
#2461 = CARTESIAN_POINT ( 'NONE',  ( 0.4935253958794301732, 0.1736395245305357993, -0.9870507917588804414 ) ) ;
#2462 = EDGE_LOOP ( 'NONE', ( #2531, #284 ) ) ;
#2463 = CIRCLE ( 'NONE', #394, 0.02362204724409448092 ) ;
#2464 = LINE ( 'NONE', #1592, #1779 ) ;
#2465 = ADVANCED_FACE ( 'NONE', ( #1088 ), #2298, .F. ) ;
#2466 = DIRECTION ( 'NONE',  ( 0.0000000000000000000, 0.0000000000000000000, 1.000000000000000000 ) ) ;
#2467 = VECTOR ( 'NONE', #458, 39.37007874015748143 ) ;
#2468 = CARTESIAN_POINT ( 'NONE',  ( 0.2017563611368419219, 0.02362204724409367948, 6.338582677165354617 ) ) ;
#2469 = CARTESIAN_POINT ( 'NONE',  ( 0.3203668902309939059, 0.1855226886560549238, 0.6407337804619978039 ) ) ;
#2470 = CARTESIAN_POINT ( 'NONE',  ( 0.2286745406824147175, 0.04724409448818890633, 0.2443269907708409405 ) ) ;
#2471 = AXIS2_PLACEMENT_3D ( 'NONE', #2870, #2841, #358 ) ;
#2472 = CARTESIAN_POINT ( 'NONE',  ( 0.6498533826253537482, 0.1792173173961308374, -1.299706765250716378 ) ) ;
#2473 =( NAMED_UNIT ( * ) SI_UNIT ( $, .STERADIAN. ) SOLID_ANGLE_UNIT ( ) );
#2474 = AXIS2_PLACEMENT_3D ( 'NONE', #2616, #813, #1476 ) ;
#2475 = CARTESIAN_POINT ( 'NONE',  ( 8.437527159479795321E-17, 0.1850393700787402174, 0.6889763779527559029 ) ) ;
#2476 = FILL_AREA_STYLE_COLOUR ( '', #2198 ) ;
#2477 = CARTESIAN_POINT ( 'NONE',  ( 0.2618110236220473341, 0.06692913385826765316, 0.2586991666985375415 ) ) ;
#2478 = CARTESIAN_POINT ( 'NONE',  ( 0.4770518273094471184, 0.1800974114635978118, 0.0000000000000000000 ) ) ;
#2479 = CIRCLE ( 'NONE', #265, 0.002544939712856287423 ) ;
#2480 = ORIENTED_EDGE ( 'NONE', *, *, #244, .F. ) ;
#2481 = DIMENSIONAL_EXPONENTS ( 1.000000000000000000, 0.0000000000000000000, 0.0000000000000000000, 0.0000000000000000000, 0.0000000000000000000, 0.0000000000000000000, 0.0000000000000000000 ) ;
#2482 = VERTEX_POINT ( 'NONE', #930 ) ;
#2483 = AXIS2_PLACEMENT_3D ( 'NONE', #2706, #2038, #1381 ) ;
#2484 = EDGE_CURVE ( 'NONE', #737, #194, #388, .T. ) ;
#2485 = UNCERTAINTY_MEASURE_WITH_UNIT (LENGTH_MEASURE( 1.000000000000000082E-05 ), #1085, 'distance_accuracy_value', 'NONE');
#2486 = FACE_OUTER_BOUND ( 'NONE', #1661, .T. ) ;
#2487 = CARTESIAN_POINT ( 'NONE',  ( 0.5976332166263950141, 0.2002440315600765852, 0.0000000000000000000 ) ) ;
#2488 = CARTESIAN_POINT ( 'NONE',  ( 0.3970226135135841994, 0.2179467151214115606, 0.7940452270271810553 ) ) ;
#2489 = DIRECTION ( 'NONE',  ( 1.000000000000000000, 0.0000000000000000000, 0.0000000000000000000 ) ) ;
#2490 = DIRECTION ( 'NONE',  ( 0.0000000000000000000, 0.0000000000000000000, -1.000000000000000000 ) ) ;
#2491 = FACE_OUTER_BOUND ( 'NONE', #2736, .T. ) ;
#2492 = DIRECTION ( 'NONE',  ( -0.0000000000000000000, -1.000000000000000000, -0.0000000000000000000 ) ) ;
#2493 = CARTESIAN_POINT ( 'NONE',  ( -0.6245322372807146083, 0.1919565535483955254, 1.268152613733966669E-14 ) ) ;
#2494 = ORIENTED_EDGE ( 'NONE', *, *, #326, .F. ) ;
#2495 = DIRECTION ( 'NONE',  ( 0.0000000000000000000, 0.0000000000000000000, -1.000000000000000000 ) ) ;
#2496 = PLANE ( 'NONE',  #457 ) ;
#2497 = LENGTH_MEASURE_WITH_UNIT ( LENGTH_MEASURE( 0.02539999999999999897 ), #205 );
#2498 = CARTESIAN_POINT ( 'NONE',  ( 0.0000000000000000000, 0.1792173173961308374, 0.0000000000000000000 ) ) ;
#2499 = DIMENSIONAL_EXPONENTS ( 1.000000000000000000, 0.0000000000000000000, 0.0000000000000000000, 0.0000000000000000000, 0.0000000000000000000, 0.0000000000000000000, 0.0000000000000000000 ) ;
#2500 = CARTESIAN_POINT ( 'NONE',  ( 0.5577006046711265874, 0.1940278485340355408, 0.0000000000000000000 ) ) ;
#2501 = CARTESIAN_POINT ( 'NONE',  ( 0.2759397049008949776, 0.1758680113019952251, 0.5518794098017988370 ) ) ;
#2502 = DIRECTION ( 'NONE',  ( 0.0000000000000000000, 1.000000000000000000, 0.0000000000000000000 ) ) ;
#2503 = ADVANCED_FACE ( 'NONE', ( #2268 ), #1472, .F. ) ;
#2504 = DIRECTION ( 'NONE',  ( 0.0000000000000000000, 0.0000000000000000000, -1.000000000000000000 ) ) ;
#2505 = CARTESIAN_POINT ( 'NONE',  ( 0.2017563611368419219, 0.04724409448818891327, 0.3543307086614174151 ) ) ;
#2506 = ADVANCED_FACE ( 'NONE', ( #1656 ), #2282, .T. ) ;
#2507 = LENGTH_MEASURE_WITH_UNIT ( LENGTH_MEASURE( 0.02539999999999999897 ), #1860 );
#2508 = CARTESIAN_POINT ( 'NONE',  ( -0.07547182874134635011, 0.1791388495331930342, -9.242633349388702522E-18 ) ) ;
#2509 = MECHANICAL_DESIGN_GEOMETRIC_PRESENTATION_REPRESENTATION (  '', ( #2693 ), #2794 ) ;
#2510 = CARTESIAN_POINT ( 'NONE',  ( -0.6498533826253535262, 0.1792173173961308374, -7.958408649472194098E-17 ) ) ;
#2511 = DIRECTION ( 'NONE',  ( 0.0000000000000000000, 1.000000000000000000, 0.0000000000000000000 ) ) ;
#2512 = EDGE_LOOP ( 'NONE', ( #113, #1390 ) ) ;
#2513 = AXIS2_PLACEMENT_3D ( 'NONE', #1946, #777, #2329 ) ;
#2514 = ORIENTED_EDGE ( 'NONE', *, *, #1363, .T. ) ;
#2515 = UNCERTAINTY_MEASURE_WITH_UNIT (LENGTH_MEASURE( 1.000000000000000082E-05 ), #1291, 'distance_accuracy_value', 'NONE');
#2516 = CARTESIAN_POINT ( 'NONE',  ( 0.5048490075825999845, 0.1527336767782170868, 1.236523442377494384E-16 ) ) ;
#2517 = CARTESIAN_POINT ( 'NONE',  ( -0.3460533941535875457, 0.2002578262228215944, 0.6921067883071585491 ) ) ;
#2518 = AXIS2_PLACEMENT_3D ( 'NONE', #69, #2333, #1422 ) ;
#2519 = CARTESIAN_POINT ( 'NONE',  ( 0.3216935093855304295, 0.1853513585691051735, 0.0000000000000000000 ) ) ;
#2520 = MECHANICAL_DESIGN_GEOMETRIC_PRESENTATION_REPRESENTATION (  '', ( #1908 ), #1387 ) ;
#2521 = DIRECTION ( 'NONE',  ( -1.000000000000000000, 0.0000000000000000000, 0.0000000000000000000 ) ) ;
#2522 = EDGE_CURVE ( 'NONE', #723, #2592, #283, .T. ) ;
#2523 = CARTESIAN_POINT ( 'NONE',  ( 0.05399529660753223798, 0.1728571810361272387, 0.0000000000000000000 ) ) ;
#2524 = SURFACE_STYLE_USAGE ( .BOTH. , #1121 ) ;
#2525 = MECHANICAL_DESIGN_GEOMETRIC_PRESENTATION_REPRESENTATION (  '', ( #638 ), #2039 ) ;
#2526 =( CONVERSION_BASED_UNIT ( 'INCH', #1444 ) LENGTH_UNIT ( ) NAMED_UNIT ( #1218 ) );
#2527 = CYLINDRICAL_SURFACE ( 'NONE', #2196, 0.02362204724409449480 ) ;
#2528 = EDGE_CURVE ( 'NONE', #581, #778, #1988, .T. ) ;
#2529 = CARTESIAN_POINT ( 'NONE',  ( 0.1377952755905511861, 0.06692913385826765316, 0.4703900695525311537 ) ) ;
#2530 = CONICAL_SURFACE ( 'NONE', #32, 0.3149606299212598381, 0.8198672643969542317 ) ;
#2531 = ORIENTED_EDGE ( 'NONE', *, *, #2798, .F. ) ;
#2532 = ORIENTED_EDGE ( 'NONE', *, *, #1012, .T. ) ;
#2533 =( GEOMETRIC_REPRESENTATION_CONTEXT ( 3 ) GLOBAL_UNCERTAINTY_ASSIGNED_CONTEXT ( ( #661 ) ) GLOBAL_UNIT_ASSIGNED_CONTEXT ( ( #1279, #1039, #2649 ) ) REPRESENTATION_CONTEXT ( 'NONE', 'WORKASPACE' ) );
#2534 = CYLINDRICAL_SURFACE ( 'NONE', #1569, 0.4901574803149607029 ) ;
#2535 = EDGE_LOOP ( 'NONE', ( #1393, #1941, #1648, #1720 ) ) ;
#2536 = STYLED_ITEM ( 'NONE', ( #1696 ), #2167 ) ;
#2537 = CARTESIAN_POINT ( 'NONE',  ( 0.6302045854340948550, 0.1948828173099275696, 1.260409170868206141 ) ) ;
#2538 = DIRECTION ( 'NONE',  ( 0.0000000000000000000, 0.0000000000000000000, -1.000000000000000000 ) ) ;
#2539 = CARTESIAN_POINT ( 'NONE',  ( -0.5444453428435770403, 0.1849614402069369445, 1.088890685687128324 ) ) ;
#2540 = VECTOR ( 'NONE', #917, 39.37007874015748143 ) ;
#2541 = DIRECTION ( 'NONE',  ( 0.0000000000000000000, 1.000000000000000000, 0.0000000000000000000 ) ) ;
#2542 = LINE ( 'NONE', #77, #80 ) ;
#2543 = CARTESIAN_POINT ( 'NONE',  ( -0.002544939712856390639, 0.1730616638885684178, -0.005089879425712626887 ) ) ;
#2544 = CARTESIAN_POINT ( 'NONE',  ( 0.07547182874134635011, 0.1791388495331930342, 1.848526669877751290E-17 ) ) ;
#2545 = CARTESIAN_POINT ( 'NONE',  ( 0.6044764771306644358, 0.1987671400432625413, 0.0000000000000000000 ) ) ;
#2546 = EDGE_CURVE ( 'NONE', #1241, #400, #2610, .T. ) ;
#2547 = ORIENTED_EDGE ( 'NONE', *, *, #2694, .T. ) ;
#2548 = ORIENTED_EDGE ( 'NONE', *, *, #1942, .T. ) ;
#2549 = CARTESIAN_POINT ( 'NONE',  ( -0.2017563611368419219, 0.02362204724409368989, 6.456692913385826849 ) ) ;
#2550 = VERTEX_POINT ( 'NONE', #1430 ) ;
#2551 = UNCERTAINTY_MEASURE_WITH_UNIT (LENGTH_MEASURE( 1.000000000000000082E-05 ), #1038, 'distance_accuracy_value', 'NONE');
#2552 = CARTESIAN_POINT ( 'NONE',  ( 0.2585331613444342147, 0.1737706638455954189, 0.5170663226888752018 ) ) ;
#2553 = CARTESIAN_POINT ( 'NONE',  ( 0.5244376210029487728, 0.1752257874575956775, 1.284501707827431318E-16 ) ) ;
#2554 = CARTESIAN_POINT ( 'NONE',  ( -0.4435557102729243972, 0.2202319924114491956, -5.431990808292676173E-17 ) ) ;
#2555 = DIRECTION ( 'NONE',  ( 0.0000000000000000000, 0.0000000000000000000, -1.000000000000000000 ) ) ;
#2556 = LENGTH_MEASURE_WITH_UNIT ( LENGTH_MEASURE( 0.02539999999999999897 ), #295 );
#2557 = SURFACE_STYLE_FILL_AREA ( #973 ) ;
#2558 = DIRECTION ( 'NONE',  ( 0.0000000000000000000, -1.000000000000000000, 0.0000000000000000000 ) ) ;
#2559 = CARTESIAN_POINT ( 'NONE',  ( -0.5976332166264193280, 0.2002440315600765852, -1.195266433252802241 ) ) ;
#2560 = ORIENTED_EDGE ( 'NONE', *, *, #1220, .F. ) ;
#2561 = CARTESIAN_POINT ( 'NONE',  ( 0.2017563611368419219, 0.02362204724409442194, 0.3543307086614174151 ) ) ;
#2562 = ORIENTED_EDGE ( 'NONE', *, *, #1012, .F. ) ;
#2563 = ADVANCED_BREP_SHAPE_REPRESENTATION ( 'CUI_DEVICES_CLS0361-L152', ( #1420, #1448, #1374, #403, #426, #2339, #1373 ), #868 ) ;
#2564 = STYLED_ITEM ( 'NONE', ( #553 ), #2600 ) ;
#2565 = CARTESIAN_POINT ( 'NONE',  ( 0.3681861936811547942, 0.2251810377203327940, 9.017960871637427587E-17 ) ) ;
#2566 = EDGE_CURVE ( 'NONE', #1740, #581, #579, .T. ) ;
#2567 = CARTESIAN_POINT ( 'NONE',  ( -0.3681861936811547942, 0.2251810377203327940, -4.508980435818737213E-17 ) ) ;
#2568 = DIRECTION ( 'NONE',  ( 0.0000000000000000000, -1.241126171134722389E-16, 1.000000000000000000 ) ) ;
#2569 = CIRCLE ( 'NONE', #590, 0.6155108108746286666 ) ;
#2570 = CARTESIAN_POINT ( 'NONE',  ( -0.05399529660753223798, 0.1728571810361272387, -8.458680179279991849E-16 ) ) ;
#2571 = MECHANICAL_DESIGN_GEOMETRIC_PRESENTATION_REPRESENTATION (  '', ( #912 ), #2036 ) ;
#2572 = DIRECTION ( 'NONE',  ( -0.0000000000000000000, -1.000000000000000000, -0.0000000000000000000 ) ) ;
#2573 = PRESENTATION_LAYER_ASSIGNMENT (  '', '', ( #1335 ) ) ;
#2574 = DIRECTION ( 'NONE',  ( 0.0000000000000000000, 0.0000000000000000000, 1.000000000000000000 ) ) ;
#2575 = ORIENTED_EDGE ( 'NONE', *, *, #56, .T. ) ;
#2576 = CARTESIAN_POINT ( 'NONE',  ( -0.09478821437511274206, 0.1899005548132129406, -0.1895764287502197387 ) ) ;
#2577 = ORIENTED_EDGE ( 'NONE', *, *, #1079, .T. ) ;
#2578 = CARTESIAN_POINT ( 'NONE',  ( -0.3060989644730905401, 0.1800665235920397844, 6.215535062657320679E-15 ) ) ;
#2579 = DIRECTION ( 'NONE',  ( 0.0000000000000000000, 0.0000000000000000000, -1.000000000000000000 ) ) ;
#2580 = PRESENTATION_LAYER_ASSIGNMENT (  '', '', ( #1151 ) ) ;
#2581 = ORIENTED_EDGE ( 'NONE', *, *, #578, .F. ) ;
#2582 = AXIS2_PLACEMENT_3D ( 'NONE', #173, #1935, #1043 ) ;
#2583 = CARTESIAN_POINT ( 'NONE',  ( -0.4646349288882148376, 0.1899664698011723496, -7.278778913198258767E-15 ) ) ;
#2584 = AXIS2_PLACEMENT_3D ( 'NONE', #963, #2771, #2859 ) ;
#2585 = ADVANCED_FACE ( 'NONE', ( #2603 ), #1325, .F. ) ;
#2586 = DIRECTION ( 'NONE',  ( 0.0000000000000000000, 0.0000000000000000000, -1.000000000000000000 ) ) ;
#2587 =( GEOMETRIC_REPRESENTATION_CONTEXT ( 3 ) GLOBAL_UNCERTAINTY_ASSIGNED_CONTEXT ( ( #1125 ) ) GLOBAL_UNIT_ASSIGNED_CONTEXT ( ( #456, #1349, #650 ) ) REPRESENTATION_CONTEXT ( 'NONE', 'WORKASPACE' ) );
#2588 = SURFACE_STYLE_FILL_AREA ( #515 ) ;
#2589 = LINE ( 'NONE', #378, #2623 ) ;
#2590 = CARTESIAN_POINT ( 'NONE',  ( -0.2286745406824147175, 0.06692913385826765316, 0.2443269907708409683 ) ) ;
#2591 = DIRECTION ( 'NONE',  ( -0.0000000000000000000, -1.000000000000000000, -0.0000000000000000000 ) ) ;
#2592 = VERTEX_POINT ( 'NONE', #313 ) ;
#2593 = CARTESIAN_POINT ( 'NONE',  ( 0.2086461249163694687, 0.02362204724409368989, 6.456692913385826849 ) ) ;
#2594 = APPLICATION_CONTEXT ( 'automotive_design' ) ;
#2595 = CARTESIAN_POINT ( 'NONE',  ( 0.2215239290680117157, 0.1962846386648305352, -0.4430478581360325352 ) ) ;
#2596 = CARTESIAN_POINT ( 'NONE',  ( 0.09478821437510888404, 0.1899005548132128851, 0.0000000000000000000 ) ) ;
#2597 = EDGE_LOOP ( 'NONE', ( #2161, #2560, #611 ) ) ;
#2598 = CARTESIAN_POINT ( 'NONE',  ( 0.2618110236220473341, 0.04724409448818890633, 0.2586991666985375415 ) ) ;
#2599 = PRODUCT_CONTEXT ( 'NONE', #750, 'mechanical' ) ;
#2600 = ADVANCED_FACE ( 'NONE', ( #2612 ), #2135, .T. ) ;
#2601 = CARTESIAN_POINT ( 'NONE',  ( -0.002544939712856366786, 0.1730616638885683900, 0.005089879425712613009 ) ) ;
#2602 = ADVANCED_FACE ( 'NONE', ( #793, #1686 ), #2838, .T. ) ;
#2603 = FACE_OUTER_BOUND ( 'NONE', #707, .T. ) ;
#2604 = CARTESIAN_POINT ( 'NONE',  ( 0.0000000000000000000, 0.1692913385826770312, 0.6496062992125983815 ) ) ;
#2605 = ORIENTED_EDGE ( 'NONE', *, *, #1404, .T. ) ;
#2606 =( CONVERSION_BASED_UNIT ( 'INCH', #2368 ) LENGTH_UNIT ( ) NAMED_UNIT ( #13 ) );
#2607 = CARTESIAN_POINT ( 'NONE',  ( -0.1951982895846077481, 0.2075055388899667286, 3.963625996488874782E-15 ) ) ;
#2608 = ORIENTED_EDGE ( 'NONE', *, *, #393, .F. ) ;
#2609 =( NAMED_UNIT ( * ) SI_UNIT ( $, .STERADIAN. ) SOLID_ANGLE_UNIT ( ) );
#2610 = CIRCLE ( 'NONE', #779, 0.006889763779527552021 ) ;
#2611 = CARTESIAN_POINT ( 'NONE',  ( 0.2086461249163694687, 0.02362204724409368989, 6.456692913385826849 ) ) ;
#2612 = FACE_OUTER_BOUND ( 'NONE', #540, .T. ) ;
#2613 = PRESENTATION_LAYER_ASSIGNMENT (  '', '', ( #1908 ) ) ;
#2614 = EDGE_CURVE ( 'NONE', #1930, #90, #2626, .T. ) ;
#2615 = EDGE_LOOP ( 'NONE', ( #1096, #624, #2532, #2752, #1421, #931, #2028, #252, #979, #2641, #1111, #288 ) ) ;
#2616 = CARTESIAN_POINT ( 'NONE',  ( -0.2017563611368419219, 0.02362204724409442194, 0.3543307086614174151 ) ) ;
#2617 =( NAMED_UNIT ( * ) SI_UNIT ( $, .STERADIAN. ) SOLID_ANGLE_UNIT ( ) );
#2618 = CARTESIAN_POINT ( 'NONE',  ( -0.2019163838078521511, 0.2051073757060070668, -0.4038327676156921453 ) ) ;
#2619 = COLOUR_RGB ( '',0.3333333333333333148, 0.3333333333333333148, 0.3333333333333333148 ) ;
#2620 = ORIENTED_EDGE ( 'NONE', *, *, #1359, .T. ) ;
#2621 = CIRCLE ( 'NONE', #2895, 0.01968503937007875723 ) ;
#2622 = LINE ( 'NONE', #2149, #2094 ) ;
#2623 = VECTOR ( 'NONE', #822, 39.37007874015748143 ) ;
#2624 = CARTESIAN_POINT ( 'NONE',  ( -0.1128185154074866775, 0.2012665611251221176, 0.2256370308149680259 ) ) ;
#2625 = CARTESIAN_POINT ( 'NONE',  ( 7.958408649472194098E-17, 0.1792173173961308374, -0.6498533826253535262 ) ) ;
#2626 = LINE ( 'NONE', #1669, #1615 ) ;
#2627 = ORIENTED_EDGE ( 'NONE', *, *, #42, .T. ) ;
#2628 = VERTEX_POINT ( 'NONE', #2590 ) ;
#2629 = LINE ( 'NONE', #637, #966 ) ;
#2630 = CARTESIAN_POINT ( 'NONE',  ( 0.0000000000000000000, 0.1850393700787401619, 0.0000000000000000000 ) ) ;
#2631 = CARTESIAN_POINT ( 'NONE',  ( 0.3060989644730905401, 0.1800665235920397844, -0.6121979289461935148 ) ) ;
#2632 = ORIENTED_EDGE ( 'NONE', *, *, #109, .F. ) ;
#2633 = CARTESIAN_POINT ( 'NONE',  ( 0.0000000000000000000, 0.0000000000000000000, 0.0000000000000000000 ) ) ;
#2634 = ORIENTED_EDGE ( 'NONE', *, *, #2484, .T. ) ;
#2635 = CARTESIAN_POINT ( 'NONE',  ( -0.1128185154074831387, 0.2012665611251220898, -1.767368271109653636E-15 ) ) ;
#2636 = DIMENSIONAL_EXPONENTS ( 1.000000000000000000, 0.0000000000000000000, 0.0000000000000000000, 0.0000000000000000000, 0.0000000000000000000, 0.0000000000000000000, 0.0000000000000000000 ) ;
#2637 = SURFACE_STYLE_USAGE ( .BOTH. , #1944 ) ;
#2638 = ORIENTED_EDGE ( 'NONE', *, *, #1682, .F. ) ;
#2639 = SURFACE_STYLE_USAGE ( .BOTH. , #152 ) ;
#2640 = CARTESIAN_POINT ( 'NONE',  ( -0.4968772472354672787, 0.1726491269270444828, 1.008940999635494512E-14 ) ) ;
#2641 = ORIENTED_EDGE ( 'NONE', *, *, #1679, .T. ) ;
#2642 = CARTESIAN_POINT ( 'NONE',  ( 0.5774765688416648723, 0.2002514002363757206, 1.414409663229079156E-16 ) ) ;
#2643 = EDGE_CURVE ( 'NONE', #2115, #2177, #732, .T. ) ;
#2644 = COLOUR_RGB ( '',0.7921568627450980005, 0.8196078431372548767, 0.9333333333333333481 ) ;
#2645 = LINE ( 'NONE', #407, #1774 ) ;
#2646 = CARTESIAN_POINT ( 'NONE',  ( -0.1812694662921883748, 0.2109797255334494581, 0.3625389325843679789 ) ) ;
#2647 = EDGE_LOOP ( 'NONE', ( #1194, #2843 ) ) ;
#2648 = CARTESIAN_POINT ( 'NONE',  ( 0.1948665973573143473, 0.02362204724409368989, 6.456692913385826849 ) ) ;
#2649 =( NAMED_UNIT ( * ) SI_UNIT ( $, .STERADIAN. ) SOLID_ANGLE_UNIT ( ) );
#2650 = CARTESIAN_POINT ( 'NONE',  ( 0.4251017397069483117, 0.2122593393298574382, 0.0000000000000000000 ) ) ;
#2651 = ORIENTED_EDGE ( 'NONE', *, *, #2413, .F. ) ;
#2652 = CARTESIAN_POINT ( 'NONE',  ( 0.1741205190477453368, 0.2120798739292880652, 0.0000000000000000000 ) ) ;
#2653 = AXIS2_PLACEMENT_3D ( 'NONE', #583, #2142, #2538 ) ;
#2654 = UNCERTAINTY_MEASURE_WITH_UNIT (LENGTH_MEASURE( 1.000000000000000082E-05 ), #220, 'distance_accuracy_value', 'NONE');
#2655 = DIRECTION ( 'NONE',  ( 6.123233995736727825E-17, 0.8660254037844403729, -0.4999999999999969469 ) ) ;
#2656 = CARTESIAN_POINT ( 'NONE',  ( -0.02664350457559411592, 0.1732912337363215483, -0.05328700915118769060 ) ) ;
#2657 =( GEOMETRIC_REPRESENTATION_CONTEXT ( 3 ) GLOBAL_UNCERTAINTY_ASSIGNED_CONTEXT ( ( #1354 ) ) GLOBAL_UNIT_ASSIGNED_CONTEXT ( ( #2728, #1399, #2473 ) ) REPRESENTATION_CONTEXT ( 'NONE', 'WORKASPACE' ) );
#2658 = AXIS2_PLACEMENT_3D ( 'NONE', #1186, #306, #2521 ) ;
#2659 = UNCERTAINTY_MEASURE_WITH_UNIT (LENGTH_MEASURE( 1.000000000000000082E-05 ), #1533, 'distance_accuracy_value', 'NONE');
#2660 = SURFACE_STYLE_FILL_AREA ( #1287 ) ;
#2661 = CARTESIAN_POINT ( 'NONE',  ( 0.6473990711985351254, 0.1761389434064651038, 0.0000000000000000000 ) ) ;
#2662 = CARTESIAN_POINT ( 'NONE',  ( 0.1007669639867810329, 0.1939537854326396638, 2.468078798124144710E-17 ) ) ;
#2663 = ADVANCED_FACE ( 'NONE', ( #568 ), #1460, .T. ) ;
#2664 = CARTESIAN_POINT ( 'NONE',  ( -0.5752846546625655089, 0.2221494232238619138, 4.017191272554326752E-15 ) ) ;
#2665 = AXIS2_PLACEMENT_3D ( 'NONE', #547, #1441, #2133 ) ;
#2666 = CIRCLE ( 'NONE', #2051, 0.6473990711985351254 ) ;
#2667 = FACE_OUTER_BOUND ( 'NONE', #2331, .T. ) ;
#2668 = DIRECTION ( 'NONE',  ( -0.0000000000000000000, -0.0000000000000000000, -1.000000000000000000 ) ) ;
#2669 = CIRCLE ( 'NONE', #410, 0.3346456692913385433 ) ;
#2670 = CARTESIAN_POINT ( 'NONE',  ( -0.3970226135135844214, 0.2179467151214115883, 8.061797854198453975E-15 ) ) ;
#2671 = ORIENTED_EDGE ( 'NONE', *, *, #2546, .F. ) ;
#2672 = PLANE ( 'NONE',  #224 ) ;
#2673 = CARTESIAN_POINT ( 'NONE',  ( 0.3270562637535300299, 0.1890627244617311964, 0.0000000000000000000 ) ) ;
#2674 = CARTESIAN_POINT ( 'NONE',  ( 0.2986215340048685718, 0.1780875068731720967, 0.5972430680097465805 ) ) ;
#2675 = DIRECTION ( 'NONE',  ( 0.0000000000000000000, 0.0000000000000000000, 1.000000000000000000 ) ) ;
#2676 = CARTESIAN_POINT ( 'NONE',  ( -0.6498533826253535262, 0.1792173173961308374, 4.537901916841017045E-15 ) ) ;
#2677 = FACE_OUTER_BOUND ( 'NONE', #534, .T. ) ;
#2678 = LENGTH_MEASURE_WITH_UNIT ( LENGTH_MEASURE( 0.02539999999999999897 ), #1996 );
#2679 = ADVANCED_FACE ( 'NONE', ( #1470 ), #2110, .T. ) ;
#2680 = SURFACE_SIDE_STYLE ('',( #473 ) ) ;
#2681 = CARTESIAN_POINT ( 'NONE',  ( 3.857155272905049219E-17, 0.09055118110236209938, 0.3149606299212598381 ) ) ;
#2682 = CARTESIAN_POINT ( 'NONE',  ( 0.5037251400172224614, 0.1715256334014943762, -1.007450280034465351 ) ) ;
#2683 = ORIENTED_EDGE ( 'NONE', *, *, #175, .T. ) ;
#2684 = CARTESIAN_POINT ( 'NONE',  ( 0.2017563611368419219, 0.04724409448818816387, 6.338582677165354617 ) ) ;
#2685 = CARTESIAN_POINT ( 'NONE',  ( 0.4452096005735032280, 0.2026402650630561575, 0.0000000000000000000 ) ) ;
#2686 = CARTESIAN_POINT ( 'NONE',  ( 0.3270562637535298633, 0.1890627244617311964, 0.6541125275070700518 ) ) ;
#2687 = CARTESIAN_POINT ( 'NONE',  ( 0.003151074920650226863, 0.1769517321540278465, 0.0000000000000000000 ) ) ;
#2688 = STYLED_ITEM ( 'NONE', ( #1118 ), #2742 ) ;
#2689 = CARTESIAN_POINT ( 'NONE',  ( -0.2017563611368419219, -0.01165118674073778449, 0.3543307086614174151 ) ) ;
#2690 = DIRECTION ( 'NONE',  ( 0.0000000000000000000, 0.0000000000000000000, -1.000000000000000000 ) ) ;
#2691 = FACE_OUTER_BOUND ( 'NONE', #1864, .T. ) ;
#2692 = CARTESIAN_POINT ( 'NONE',  ( 0.4935253958794301732, 0.1736395245305357715, 0.0000000000000000000 ) ) ;
#2693 = STYLED_ITEM ( 'NONE', ( #304 ), #2563 ) ;
#2694 = EDGE_CURVE ( 'NONE', #723, #945, #535, .T. ) ;
#2695 = VERTEX_POINT ( 'NONE', #922 ) ;
#2696 = DIRECTION ( 'NONE',  ( 0.0000000000000000000, 0.0000000000000000000, -1.000000000000000000 ) ) ;
#2697 = VECTOR ( 'NONE', #2317, 39.37007874015748143 ) ;
#2698 = CARTESIAN_POINT ( 'NONE',  ( 0.003151074920650226863, 0.1769517321540278465, 0.0000000000000000000 ) ) ;
#2699 = CARTESIAN_POINT ( 'NONE',  ( 0.1377952755905512139, 0.04724409448818890633, 0.5998883398837377978 ) ) ;
#2700 = VECTOR ( 'NONE', #629, 39.37007874015748143 ) ;
#2701 = CARTESIAN_POINT ( 'NONE',  ( 0.2215239290680116879, 0.1962846386648305075, 0.0000000000000000000 ) ) ;
#2702 = CARTESIAN_POINT ( 'NONE',  ( -0.2541874638491265492, 0.1801050991141626700, 0.5083749276982409970 ) ) ;
#2703 = DIRECTION ( 'NONE',  ( -0.0000000000000000000, -1.000000000000000000, -0.0000000000000000000 ) ) ;
#2704 = CARTESIAN_POINT ( 'NONE',  ( 0.0000000000000000000, 0.06692913385826765316, 0.0000000000000000000 ) ) ;
#2705 = MECHANICAL_DESIGN_GEOMETRIC_PRESENTATION_REPRESENTATION (  '', ( #2238 ), #2761 ) ;
#2706 = CARTESIAN_POINT ( 'NONE',  ( 0.0000000000000000000, 0.04724409448818890633, 0.0000000000000000000 ) ) ;
#2707 = DIRECTION ( 'NONE',  ( 0.0000000000000000000, -1.241126171134722389E-16, 1.000000000000000000 ) ) ;
#2708 = DIRECTION ( 'NONE',  ( 7.634388167728430577E-17, 0.7819069933750968371, -0.6233951024118781215 ) ) ;
#2709 = AXIS2_PLACEMENT_3D ( 'NONE', #2885, #390, #647 ) ;
#2710 = DIRECTION ( 'NONE',  ( -0.0000000000000000000, -1.000000000000000000, -0.0000000000000000000 ) ) ;
#2711 =( NAMED_UNIT ( * ) PLANE_ANGLE_UNIT ( ) SI_UNIT ( $, .RADIAN. ) );
#2712 =( NAMED_UNIT ( * ) PLANE_ANGLE_UNIT ( ) SI_UNIT ( $, .RADIAN. ) );
#2713 =( GEOMETRIC_REPRESENTATION_CONTEXT ( 3 ) GLOBAL_UNCERTAINTY_ASSIGNED_CONTEXT ( ( #2006 ) ) GLOBAL_UNIT_ASSIGNED_CONTEXT ( ( #2294, #2758, #2090 ) ) REPRESENTATION_CONTEXT ( 'NONE', 'WORKASPACE' ) );
#2714 = ORIENTED_EDGE ( 'NONE', *, *, #1098, .T. ) ;
#2715 = VECTOR ( 'NONE', #2900, 39.37007874015748143 ) ;
#2716 = CARTESIAN_POINT ( 'NONE',  ( -0.2017563611368419219, 0.04724409448818890633, 0.3543307086614174151 ) ) ;
#2717 = CARTESIAN_POINT ( 'NONE',  ( 0.0000000000000000000, 0.04724409448818890633, 0.0000000000000000000 ) ) ;
#2718 = EDGE_CURVE ( 'NONE', #1282, #2592, #1565, .T. ) ;
#2719 = CARTESIAN_POINT ( 'NONE',  ( 0.02664350457559374469, 0.1732912337363215760, 0.0000000000000000000 ) ) ;
#2720 = UNCERTAINTY_MEASURE_WITH_UNIT (LENGTH_MEASURE( 1.000000000000000082E-05 ), #1986, 'distance_accuracy_value', 'NONE');
#2721 = LENGTH_MEASURE_WITH_UNIT ( LENGTH_MEASURE( 0.02539999999999999897 ), #7 );
#2722 = EDGE_CURVE ( 'NONE', #2260, #2299, #1811, .T. ) ;
#2723 = CARTESIAN_POINT ( 'NONE',  ( 0.3460533941535766655, 0.2002578262228215944, 0.0000000000000000000 ) ) ;
#2724 = CARTESIAN_POINT ( 'NONE',  ( -0.3575423883091309873, 0.2083538137197429863, -5.601111399063946089E-15 ) ) ;
#2725 = CARTESIAN_POINT ( 'NONE',  ( 0.0000000000000000000, 0.0000000000000000000, 0.0000000000000000000 ) ) ;
#2726 = DIRECTION ( 'NONE',  ( 1.000000000000000000, 0.0000000000000000000, 0.0000000000000000000 ) ) ;
#2727 = FACE_OUTER_BOUND ( 'NONE', #709, .T. ) ;
#2728 =( CONVERSION_BASED_UNIT ( 'INCH', #1350 ) LENGTH_UNIT ( ) NAMED_UNIT ( #2084 ) );
#2729 = DIMENSIONAL_EXPONENTS ( 1.000000000000000000, 0.0000000000000000000, 0.0000000000000000000, 0.0000000000000000000, 0.0000000000000000000, 0.0000000000000000000, 0.0000000000000000000 ) ;
#2730 = DIRECTION ( 'NONE',  ( 0.0000000000000000000, 1.000000000000000000, 0.0000000000000000000 ) ) ;
#2731 = FACE_OUTER_BOUND ( 'NONE', #755, .T. ) ;
#2732 = CARTESIAN_POINT ( 'NONE',  ( 0.0000000000000000000, 0.0000000000000000000, 0.0000000000000000000 ) ) ;
#2733 =( NAMED_UNIT ( * ) SI_UNIT ( $, .STERADIAN. ) SOLID_ANGLE_UNIT ( ) );
#2734 = ORIENTED_EDGE ( 'NONE', *, *, #500, .T. ) ;
#2735 = CARTESIAN_POINT ( 'NONE',  ( -0.2286745406824147175, 0.04724409448818890633, 0.2443269907708409683 ) ) ;
#2736 = EDGE_LOOP ( 'NONE', ( #1463, #2270, #183, #812 ) ) ;
#2737 = CARTESIAN_POINT ( 'NONE',  ( 0.01654471445617295561, 0.1708802737961489238, 0.0000000000000000000 ) ) ;
#2738 = ORIENTED_EDGE ( 'NONE', *, *, #2780, .T. ) ;
#2739 = CARTESIAN_POINT ( 'NONE',  ( 0.02664350457559374469, 0.1732912337363215760, 6.525776519313769640E-18 ) ) ;
#2740 =( CONVERSION_BASED_UNIT ( 'INCH', #371 ) LENGTH_UNIT ( ) NAMED_UNIT ( #2064 ) );
#2741 = CARTESIAN_POINT ( 'NONE',  ( -0.2835429222470911004, 0.1759884926702385832, -4.441866323690172598E-15 ) ) ;
#2742 = ADVANCED_FACE ( 'NONE', ( #678 ), #2235, .F. ) ;
#2743 = CARTESIAN_POINT ( 'NONE',  ( -0.2585331613444343257, 0.1737706638455954189, -3.166118085139076879E-17 ) ) ;
#2744 = PRESENTATION_STYLE_ASSIGNMENT (( #61 ) ) ;
#2745 = CARTESIAN_POINT ( 'NONE',  ( -0.06133974496198478510, 0.1744149354604239421, 1.245542715905499537E-15 ) ) ;
#2746 = SURFACE_SIDE_STYLE ('',( #1844 ) ) ;
#2747 = SURFACE_STYLE_FILL_AREA ( #706 ) ;
#2748 = ORIENTED_EDGE ( 'NONE', *, *, #870, .T. ) ;
#2749 = ORIENTED_EDGE ( 'NONE', *, *, #1292, .F. ) ;
#2750 = VECTOR ( 'NONE', #837, 39.37007874015748143 ) ;
#2751 = FACE_OUTER_BOUND ( 'NONE', #2200, .T. ) ;
#2752 = ORIENTED_EDGE ( 'NONE', *, *, #361, .T. ) ;
#2753 = CARTESIAN_POINT ( 'NONE',  ( -0.5752846546625655089, 0.2221494232238619138, -7.223827867476126378E-15 ) ) ;
#2754 = CARTESIAN_POINT ( 'NONE',  ( -0.4770518273094619399, 0.1800974114635978118, 0.9541036546189013423 ) ) ;
#2755 = VECTOR ( 'NONE', #1659, 39.37007874015748854 ) ;
#2756 = STYLED_ITEM ( 'NONE', ( #2258 ), #619 ) ;
#2757 = FACE_OUTER_BOUND ( 'NONE', #1907, .T. ) ;
#2758 =( NAMED_UNIT ( * ) PLANE_ANGLE_UNIT ( ) SI_UNIT ( $, .RADIAN. ) );
#2759 = ADVANCED_FACE ( 'NONE', ( #1348 ), #938, .T. ) ;
#2760 =( NAMED_UNIT ( * ) PLANE_ANGLE_UNIT ( ) SI_UNIT ( $, .RADIAN. ) );
#2761 =( GEOMETRIC_REPRESENTATION_CONTEXT ( 3 ) GLOBAL_UNCERTAINTY_ASSIGNED_CONTEXT ( ( #2551 ) ) GLOBAL_UNIT_ASSIGNED_CONTEXT ( ( #1038, #1754, #344 ) ) REPRESENTATION_CONTEXT ( 'NONE', 'WORKASPACE' ) );
#2762 = LINE ( 'NONE', #1337, #1764 ) ;
#2763 = CARTESIAN_POINT ( 'NONE',  ( -0.6473990711985351254, 0.1761389434064650761, 1.314585181133478271E-14 ) ) ;
#2764 = AXIS2_PLACEMENT_3D ( 'NONE', #1416, #1655, #733 ) ;
#2765 = ORIENTED_EDGE ( 'NONE', *, *, #2825, .F. ) ;
#2766 = ORIENTED_EDGE ( 'NONE', *, *, #1978, .F. ) ;
#2767 = STYLED_ITEM ( 'NONE', ( #2118 ), #1549 ) ;
#2768 = CARTESIAN_POINT ( 'NONE',  ( 0.2017563611368419219, -0.01165118674073778449, 0.3543307086614174151 ) ) ;
#2769 = EDGE_LOOP ( 'NONE', ( #1628, #1084, #853, #2714 ) ) ;
#2770 = CONICAL_SURFACE ( 'NONE', #1025, 0.6155108108746286666, 0.5235987755982952629 ) ;
#2771 = DIRECTION ( 'NONE',  ( -0.0000000000000000000, -1.000000000000000000, -0.0000000000000000000 ) ) ;
#2772 = CARTESIAN_POINT ( 'NONE',  ( -0.5577006046711441289, 0.1940278485340355408, 1.115401209342261168 ) ) ;
#2773 = PRESENTATION_LAYER_ASSIGNMENT (  '', '', ( #2906 ) ) ;
#2774 = DIRECTION ( 'NONE',  ( 0.0000000000000000000, 0.0000000000000000000, 1.000000000000000000 ) ) ;
#2775 = CYLINDRICAL_SURFACE ( 'NONE', #836, 0.3346456692913385433 ) ;
#2776 = CARTESIAN_POINT ( 'NONE',  ( -0.05399529660753393107, 0.1728571810361273220, 0.1079905932150652670 ) ) ;
#2777 = B_SPLINE_CURVE_WITH_KNOTS ( 'NONE', 3,
 ( #92, #499, #762, #746, #939, #2743, #1397, #2567, #2554, #1841, #2056, #527, #2293 ),
 .UNSPECIFIED., .F., .F.,
 ( 4, 1, 1, 1, 1, 1, 1, 1, 1, 1, 4 ),
 ( 0.0000000000000000000, 0.1071159873694923492, 0.1759024594270574282, 0.3011769529442234750, 0.4034415318510881643, 0.4770160085687256690, 0.5597309333095714656, 0.6630082541131868679, 0.7764014494646825915, 0.8823898708439639194, 1.000000000000000000 ),
 .UNSPECIFIED. ) ;
#2778 = DIRECTION ( 'NONE',  ( -0.0000000000000000000, -1.000000000000000000, -0.0000000000000000000 ) ) ;
#2779 = CARTESIAN_POINT ( 'NONE',  ( 0.5976332166263949031, 0.2002440315600765852, -1.195266433252814897 ) ) ;
#2780 = EDGE_CURVE ( 'NONE', #934, #1367, #482, .T. ) ;
#2781 = VERTEX_POINT ( 'NONE', #1500 ) ;
#2782 = CARTESIAN_POINT ( 'NONE',  ( -0.2017563611368419219, 0.02362204724409368989, 6.456692913385826849 ) ) ;
#2783 = VERTEX_POINT ( 'NONE', #2250 ) ;
#2784 = CARTESIAN_POINT ( 'NONE',  ( -0.3216935093855384786, 0.1853513585691051735, 0.6433870187710649668 ) ) ;
#2785 = CARTESIAN_POINT ( 'NONE',  ( 0.0000000000000000000, 0.2362204724409448509, 0.0000000000000000000 ) ) ;
#2786 = CARTESIAN_POINT ( 'NONE',  ( -0.09478821437511186776, 0.1899005548132129406, 0.1895764287502192391 ) ) ;
#2787 = CARTESIAN_POINT ( 'NONE',  ( -0.3060989644730905401, 0.1800665235920397844, -3.748631170642897105E-17 ) ) ;
#2788 = CARTESIAN_POINT ( 'NONE',  ( 0.2017563611368419219, 0.02362204724409367948, 6.338582677165354617 ) ) ;
#2789 = FILL_AREA_STYLE ('',( #1487 ) ) ;
#2790 = ORIENTED_EDGE ( 'NONE', *, *, #1699, .F. ) ;
#2791 = CARTESIAN_POINT ( 'NONE',  ( 0.1007669639867810468, 0.1939537854326397193, -0.2015339279735661737 ) ) ;
#2792 = FACE_OUTER_BOUND ( 'NONE', #995, .T. ) ;
#2793 = ORIENTED_EDGE ( 'NONE', *, *, #2851, .T. ) ;
#2794 =( GEOMETRIC_REPRESENTATION_CONTEXT ( 3 ) GLOBAL_UNCERTAINTY_ASSIGNED_CONTEXT ( ( #419 ) ) GLOBAL_UNIT_ASSIGNED_CONTEXT ( ( #336, #1614, #276 ) ) REPRESENTATION_CONTEXT ( 'NONE', 'WORKASPACE' ) );
#2795 = CARTESIAN_POINT ( 'NONE',  ( 0.2017563611368419219, 0.02362204724409368989, 6.456692913385826849 ) ) ;
#2796 = CARTESIAN_POINT ( 'NONE',  ( 0.2611919843673859432, 0.1779030232833283820, 0.0000000000000000000 ) ) ;
#2797 = DIRECTION ( 'NONE',  ( 1.000000000000000000, 0.0000000000000000000, 0.0000000000000000000 ) ) ;
#2798 = EDGE_CURVE ( 'NONE', #2217, #132, #1902, .T. ) ;
#2799 = ORIENTED_EDGE ( 'NONE', *, *, #2915, .F. ) ;
#2800 = AXIS2_PLACEMENT_3D ( 'NONE', #1922, #2810, #339 ) ;
#2801 = CARTESIAN_POINT ( 'NONE',  ( -0.1248730613234729087, 0.2197697315699903842, -1.568026355256538184E-15 ) ) ;
#2802 = CARTESIAN_POINT ( 'NONE',  ( -0.5176969074963324591, 0.1726140483704642625, -8.110025956784741497E-15 ) ) ;
#2803 = SURFACE_SIDE_STYLE ('',( #544 ) ) ;
#2804 = CIRCLE ( 'NONE', #1520, 0.006889763779527552021 ) ;
#2805 = COLOUR_RGB ( '',0.7921568627450980005, 0.8196078431372548767, 0.9333333333333333481 ) ;
#2806 = VECTOR ( 'NONE', #639, 39.37007874015748143 ) ;
#2807 = FILL_AREA_STYLE ('',( #2359 ) ) ;
#2808 = CARTESIAN_POINT ( 'NONE',  ( -0.5774765688416648723, 0.2002514002363757206, -7.072048316145410569E-17 ) ) ;
#2809 = SURFACE_STYLE_FILL_AREA ( #1004 ) ;
#2810 = DIRECTION ( 'NONE',  ( 0.0000000000000000000, 1.000000000000000000, 0.0000000000000000000 ) ) ;
#2811 = ORIENTED_EDGE ( 'NONE', *, *, #2835, .F. ) ;
#2812 = CARTESIAN_POINT ( 'NONE',  ( -0.2017563611368419219, 0.04724409448818891327, 0.3543307086614174151 ) ) ;
#2813 = DIMENSIONAL_EXPONENTS ( 1.000000000000000000, 0.0000000000000000000, 0.0000000000000000000, 0.0000000000000000000, 0.0000000000000000000, 0.0000000000000000000, 0.0000000000000000000 ) ;
#2814 = ORIENTED_EDGE ( 'NONE', *, *, #786, .T. ) ;
#2815 = CIRCLE ( 'NONE', #357, 0.6496062992125983815 ) ;
#2816 = FILL_AREA_STYLE ('',( #135 ) ) ;
#2817 = CARTESIAN_POINT ( 'NONE',  ( -0.3203668902309939059, 0.1855226886560549238, 6.505254411993558540E-15 ) ) ;
#2818 = MECHANICAL_DESIGN_GEOMETRIC_PRESENTATION_REPRESENTATION (  '', ( #1151 ), #2435 ) ;
#2819 = EDGE_LOOP ( 'NONE', ( #2371, #1250 ) ) ;
#2820 = CARTESIAN_POINT ( 'NONE',  ( -0.1128185154074877045, 0.2012665611251221454, -0.2256370308149686088 ) ) ;
#2821 = ADVANCED_FACE ( 'NONE', ( #2404, #379 ), #27, .T. ) ;
#2822 = PRESENTATION_LAYER_ASSIGNMENT (  '', '', ( #846 ) ) ;
#2823 = CARTESIAN_POINT ( 'NONE',  ( -0.5072513846145915162, 0.1714163075617459175, 1.014502769229159052 ) ) ;
#2824 = CIRCLE ( 'NONE', #2105, 0.3149606299212598381 ) ;
#2825 = EDGE_CURVE ( 'NONE', #362, #1299, #2804, .T. ) ;
#2826 = CARTESIAN_POINT ( 'NONE',  ( 0.0000000000000000000, 0.06692913385826765316, 0.0000000000000000000 ) ) ;
#2827 =( GEOMETRIC_REPRESENTATION_CONTEXT ( 3 ) GLOBAL_UNCERTAINTY_ASSIGNED_CONTEXT ( ( #2485 ) ) GLOBAL_UNIT_ASSIGNED_CONTEXT ( ( #1085, #1759, #448 ) ) REPRESENTATION_CONTEXT ( 'NONE', 'WORKASPACE' ) );
#2828 = LENGTH_MEASURE_WITH_UNIT ( LENGTH_MEASURE( 0.02539999999999999897 ), #594 );
#2829 = ORIENTED_EDGE ( 'NONE', *, *, #449, .F. ) ;
#2830 = ORIENTED_EDGE ( 'NONE', *, *, #1679, .F. ) ;
#2831 = CARTESIAN_POINT ( 'NONE',  ( 0.2986215340048686828, 0.1780875068731720967, 0.0000000000000000000 ) ) ;
#2832 = VERTEX_POINT ( 'NONE', #469 ) ;
#2833 = FACE_OUTER_BOUND ( 'NONE', #2647, .T. ) ;
#2834 =( CONVERSION_BASED_UNIT ( 'INCH', #323 ) LENGTH_UNIT ( ) NAMED_UNIT ( #700 ) );
#2835 = EDGE_CURVE ( 'NONE', #2177, #2080, #1138, .T. ) ;
#2836 = DIRECTION ( 'NONE',  ( -0.0000000000000000000, -1.000000000000000000, -0.0000000000000000000 ) ) ;
#2837 = SURFACE_SIDE_STYLE ('',( #2809 ) ) ;
#2838 = PLANE ( 'NONE',  #2513 ) ;
#2839 = ORIENTED_EDGE ( 'NONE', *, *, #2385, .F. ) ;
#2840 = ORIENTED_EDGE ( 'NONE', *, *, #752, .T. ) ;
#2841 = DIRECTION ( 'NONE',  ( 0.0000000000000000000, -1.000000000000000000, 0.0000000000000000000 ) ) ;
#2842 = CARTESIAN_POINT ( 'NONE',  ( -0.3460533941535766655, 0.2002578262228215944, 7.026835287128905700E-15 ) ) ;
#2843 = ORIENTED_EDGE ( 'NONE', *, *, #79, .F. ) ;
#2844 = CARTESIAN_POINT ( 'NONE',  ( 0.6473990711985351254, 0.1761389434064650761, 1.585670400628508868E-16 ) ) ;
#2845 = AXIS2_PLACEMENT_3D ( 'NONE', #2363, #809, #98 ) ;
#2846 = FACE_OUTER_BOUND ( 'NONE', #1236, .T. ) ;
#2847 = CARTESIAN_POINT ( 'NONE',  ( -0.1741205190477508047, 0.2120798739292880375, 0.3482410380954932272 ) ) ;
#2848 = STYLED_ITEM ( 'NONE', ( #958 ), #2503 ) ;
#2849 = DIMENSIONAL_EXPONENTS ( 1.000000000000000000, 0.0000000000000000000, 0.0000000000000000000, 0.0000000000000000000, 0.0000000000000000000, 0.0000000000000000000, 0.0000000000000000000 ) ;
#2850 = AXIS2_PLACEMENT_3D ( 'NONE', #1603, #1162, #1647 ) ;
#2851 = EDGE_CURVE ( 'NONE', #981, #271, #1649, .T. ) ;
#2852 = DIRECTION ( 'NONE',  ( 0.0000000000000000000, 0.0000000000000000000, -1.000000000000000000 ) ) ;
#2853 = COLOUR_RGB ( '',0.7921568627450980005, 0.8196078431372548767, 0.9333333333333333481 ) ;
#2854 = CARTESIAN_POINT ( 'NONE',  ( 3.858953815447800689E-19, 0.1769517321540278465, -0.003151074920650226863 ) ) ;
#2855 = ORIENTED_EDGE ( 'NONE', *, *, #2718, .F. ) ;
#2856 = DIRECTION ( 'NONE',  ( -0.0000000000000000000, -1.000000000000000000, -0.0000000000000000000 ) ) ;
#2857 = CARTESIAN_POINT ( 'NONE',  ( 0.2541874638491186111, 0.1801050991141626700, 0.0000000000000000000 ) ) ;
#2858 = ORIENTED_EDGE ( 'NONE', *, *, #2835, .T. ) ;
#2859 = DIRECTION ( 'NONE',  ( 0.0000000000000000000, 0.0000000000000000000, -1.000000000000000000 ) ) ;
#2860 = STYLED_ITEM ( 'NONE', ( #1035 ), #1448 ) ;
#2861 = COLOUR_RGB ( '',0.2509803921568627416, 0.2509803921568627416, 0.2509803921568627416 ) ;
#2862 = EDGE_LOOP ( 'NONE', ( #848, #1213, #2387, #1832 ) ) ;
#2863 = CARTESIAN_POINT ( 'NONE',  ( -0.5840921404569261455, 0.2009975671698491229, -7.153065702177007930E-17 ) ) ;
#2864 = DIRECTION ( 'NONE',  ( -0.0000000000000000000, -1.000000000000000000, -0.0000000000000000000 ) ) ;
#2865 = AXIS2_PLACEMENT_3D ( 'NONE', #2265, #662, #921 ) ;
#2866 = CIRCLE ( 'NONE', #2584, 0.3149606299212598381 ) ;
#2867 = DIRECTION ( 'NONE',  ( 0.0000000000000000000, 0.0000000000000000000, -1.000000000000000000 ) ) ;
#2868 = CARTESIAN_POINT ( 'NONE',  ( 0.0000000000000000000, 0.1730616638885684178, 0.0000000000000000000 ) ) ;
#2869 = ORIENTED_EDGE ( 'NONE', *, *, #1240, .F. ) ;
#2870 = CARTESIAN_POINT ( 'NONE',  ( 0.0000000000000000000, 0.06692913385826765316, 0.0000000000000000000 ) ) ;
#2871 = PRESENTATION_STYLE_ASSIGNMENT (( #2408 ) ) ;
#2872 = CARTESIAN_POINT ( 'NONE',  ( -0.5176969074963534423, 0.1726140483704642625, -1.035393814992675576 ) ) ;
#2873 = EDGE_CURVE ( 'NONE', #1673, #2139, #2422, .T. ) ;
#2874 = VERTEX_POINT ( 'NONE', #985 ) ;
#2875 = CARTESIAN_POINT ( 'NONE',  ( 7.955382750366663244E-17, 0.1692913385826770312, -0.6496062992125983815 ) ) ;
#2876 = CARTESIAN_POINT ( 'NONE',  ( -0.1948665973573143473, 0.02362204724409368989, 6.456692913385826849 ) ) ;
#2877 = DIRECTION ( 'NONE',  ( 0.0000000000000000000, 0.0000000000000000000, 1.000000000000000000 ) ) ;
#2878 = CARTESIAN_POINT ( 'NONE',  ( 0.2215239290680116047, 0.1962846386648305075, 0.4430478581360302037 ) ) ;
#2879 = ORIENTED_EDGE ( 'NONE', *, *, #175, .F. ) ;
#2880 = SURFACE_STYLE_FILL_AREA ( #598 ) ;
#2881 = CARTESIAN_POINT ( 'NONE',  ( -0.4181008279649997550, 0.2143133890609769665, 8.489804467048330989E-15 ) ) ;
#2882 = ORIENTED_EDGE ( 'NONE', *, *, #2436, .F. ) ;
#2883 = DIRECTION ( 'NONE',  ( 0.0000000000000000000, 0.0000000000000000000, 1.000000000000000000 ) ) ;
#2884 = CARTESIAN_POINT ( 'NONE',  ( -0.4646349288882148376, 0.1899664698011723496, -5.690136784350103589E-17 ) ) ;
#2885 = CARTESIAN_POINT ( 'NONE',  ( -0.2017563611368419219, 0.04724409448818891327, 0.3543307086614174151 ) ) ;
#2886 = CARTESIAN_POINT ( 'NONE',  ( 0.5840921404569261455, 0.2009975671698491229, 0.0000000000000000000 ) ) ;
#2887 = CYLINDRICAL_SURFACE ( 'NONE', #1486, 0.3346456692913385433 ) ;
#2888 = CIRCLE ( 'NONE', #1479, 0.7086614173228348301 ) ;
#2889 = CARTESIAN_POINT ( 'NONE',  ( 0.4646349288882148376, 0.1899664698011723496, 0.0000000000000000000 ) ) ;
#2890 = AXIS2_PLACEMENT_3D ( 'NONE', #614, #2668, #1051 ) ;
#2891 = CARTESIAN_POINT ( 'NONE',  ( -0.2017563611368419219, -5.975917486140575174E-17, 0.3543307086614174151 ) ) ;
#2892 = CARTESIAN_POINT ( 'NONE',  ( 0.2015121395937424231, 0.2191190094240817732, -0.4030242791874876773 ) ) ;
#2893 = MECHANICAL_DESIGN_GEOMETRIC_PRESENTATION_REPRESENTATION (  '', ( #964 ), #2657 ) ;
#2894 = EDGE_CURVE ( 'NONE', #90, #70, #1274, .T. ) ;
#2895 = AXIS2_PLACEMENT_3D ( 'NONE', #2914, #1800, #2490 ) ;
#2896 = UNCERTAINTY_MEASURE_WITH_UNIT (LENGTH_MEASURE( 1.000000000000000082E-05 ), #2740, 'distance_accuracy_value', 'NONE');
#2897 = CARTESIAN_POINT ( 'NONE',  ( 0.0000000000000000000, 0.09055118110236215490, 0.0000000000000000000 ) ) ;
#2898 = CARTESIAN_POINT ( 'NONE',  ( 0.3203668902309939059, 0.1855226886560549238, 0.0000000000000000000 ) ) ;
#2899 = CARTESIAN_POINT ( 'NONE',  ( -0.4452096005735172168, 0.2026402650630561297, 0.8904192011470134505 ) ) ;
#2900 = DIRECTION ( 'NONE',  ( 1.318477066661416368E-16, 0.0000000000000000000, -1.000000000000000000 ) ) ;
#2901 = ADVANCED_FACE ( 'NONE', ( #122 ), #1851, .T. ) ;
#2902 = CARTESIAN_POINT ( 'NONE',  ( -0.5048490075825999845, 0.1527336767782170868, 3.525341777816246729E-15 ) ) ;
#2903 = CONICAL_SURFACE ( 'NONE', #1634, 0.002544939712856287423, 0.1545731401442121400 ) ;
#2904 = DIRECTION ( 'NONE',  ( -1.000000000000000000, 0.0000000000000000000, -4.386985935823535642E-16 ) ) ;
#2905 = DIRECTION ( 'NONE',  ( 0.0000000000000000000, -1.000000000000000000, 0.0000000000000000000 ) ) ;
#2906 = STYLED_ITEM ( 'NONE', ( #2365 ), #2402 ) ;
#2907 = CARTESIAN_POINT ( 'NONE',  ( 0.5577006046711262544, 0.1940278485340355130, -1.115401209342275823 ) ) ;
#2908 = ORIENTED_EDGE ( 'NONE', *, *, #902, .F. ) ;
#2909 = CARTESIAN_POINT ( 'NONE',  ( -0.002544939712856287423, 0.1730616638885684178, -3.979759262938141275E-17 ) ) ;
#2910 = CARTESIAN_POINT ( 'NONE',  ( 0.2618110236220473341, 0.04724409448818890633, 0.2586991666985375415 ) ) ;
#2911 = CARTESIAN_POINT ( 'NONE',  ( 0.3828783613019213217, 0.2169911204086175105, 0.0000000000000000000 ) ) ;
#2912 = CARTESIAN_POINT ( 'NONE',  ( 0.3575423883091308208, 0.2083538137197429863, 0.7150847766182730769 ) ) ;
#2913 = CARTESIAN_POINT ( 'NONE',  ( -0.2618110236220472231, 0.04724409448818890633, 0.4143782612766829243 ) ) ;
#2914 = CARTESIAN_POINT ( 'NONE',  ( -0.2421259842519685457, 0.06692913385826765316, 0.2586991666985375415 ) ) ;
#2915 = EDGE_CURVE ( 'NONE', #510, #1893, #1948, .T. ) ;
#2916 =( LENGTH_UNIT ( ) NAMED_UNIT ( * ) SI_UNIT ( $, .METRE. ) );
ENDSEC;
END-ISO-10303-21;
